N,P,K,temperature,humidity,ph,rainfall,label,land_size,water_supply,preference_cereals,preference_vegetables,preference_fruits
71.0,54.0,16.0,22.61,63.69,5.75,9.79,Maize,1.766,0,1,0,0
61.0,44.0,17.0,26.1,71.57,6.93,46.94,Maize,2.331,1,1,0,0
80.0,43.0,16.0,23.56,71.59,6.66,9.92,Maize,8.689,0,1,0,0
73.0,58.0,21.0,19.97,57.68,6.6,25.25,Maize,7.16,0,1,0,0
61.0,38.0,20.0,18.48,62.7,5.97,9.59,Maize,8.708,0,1,0,0
68.0,41.0,16.0,21.78,57.81,6.16,86.0,Maize,2.198,1,1,0,0
93.0,41.0,17.0,25.62,66.5,6.05,6.16,Maize,6.102,0,1,0,0
89.0,60.0,19.0,25.19,66.69,5.91,35.31,Maize,3.508,1,1,0,0
76.0,44.0,17.0,20.42,62.55,5.86,95.62,Maize,1.18,1,1,0,0
67.0,60.0,25.0,24.92,66.79,5.75,101.89,Maize,5.352,1,1,0,0
70.0,44.0,19.0,23.32,73.45,5.85,152.34,Maize,4.61,0,1,0,0
90.0,49.0,21.0,24.84,68.36,6.47,1.23,Maize,8.419,1,1,0,0
62.0,52.0,16.0,22.28,58.84,6.97,86.33,Maize,8.233,1,1,0,0
92.0,44.0,16.0,18.88,65.77,6.08,9.16,Maize,9.276,1,1,0,0
66.0,54.0,21.0,25.19,60.2,5.92,9.67,Maize,7.251,1,1,0,0
63.0,58.0,22.0,18.25,55.28,6.2,47.86,Maize,9.071,0,1,0,0
70.0,47.0,17.0,24.61,70.42,6.6,25.3,Maize,5.782,0,1,0,0
61.0,41.0,17.0,25.14,65.26,6.02,39.38,Maize,4.105,1,1,0,0
66.0,53.0,19.0,23.09,60.12,6.03,8.71,Maize,8.986,1,1,0,0
74.0,55.0,19.0,18.05,62.89,6.29,9.3,Maize,5.43,0,1,0,0
77.0,57.0,21.0,24.93,73.8,6.55,1.39,Maize,6.642,0,1,0,0
99.0,50.0,15.0,18.15,71.09,5.57,28.98,Maize,1.579,0,1,0,0
74.0,56.0,22.0,18.28,66.66,6.83,24.85,Maize,1.217,0,1,0,0
83.0,45.0,21.0,18.83,58.75,5.72,17.25,Maize,4.051,1,1,0,0
100.0,48.0,16.0,25.72,67.22,5.55,34.82,Maize,2.001,1,1,0,0
79.0,51.0,16.0,25.34,68.5,6.59,9.7,Maize,2.28,0,1,0,0
94.0,39.0,18.0,23.89,57.49,5.89,7.53,Maize,2.314,0,1,0,0
75.0,49.0,15.0,21.54,71.51,5.92,2.66,Maize,7.426,1,1,0,0
78.0,48.0,22.0,23.09,63.1,5.59,27.07,Maize,2.659,1,1,0,0
87.0,54.0,20.0,25.62,63.47,6.58,73.59,Maize,6.876,1,1,0,0
87.0,35.0,25.0,21.45,63.16,6.18,4.45,Maize,7.916,1,1,0,0
63.0,43.0,19.0,18.52,55.53,6.64,16.62,Maize,2.699,1,1,0,0
84.0,57.0,25.0,22.54,67.99,6.49,61.34,Maize,3.176,1,1,0,0
64.0,35.0,23.0,23.02,61.89,5.68,9.54,Maize,8.006,0,1,0,0
60.0,46.0,22.0,24.89,65.61,6.63,45.03,Maize,2.516,1,1,0,0
98.0,44.0,21.0,25.77,74.09,6.52,39.06,Maize,8.932,1,1,0,0
75.0,56.0,18.0,19.4,62.36,5.7,4.36,Maize,4.468,1,1,0,0
86.0,55.0,21.0,21.54,59.64,6.8,1.71,Maize,4.352,0,1,0,0
98.0,35.0,18.0,23.8,74.83,6.25,21.57,Maize,3.541,0,1,0,0
76.0,57.0,18.0,18.98,74.53,6.09,7.62,Maize,3.811,1,1,0,0
99.0,56.0,17.0,24.11,73.13,6.23,10.36,Maize,7.377,1,1,0,0
60.0,44.0,23.0,24.79,70.05,5.72,62.32,Maize,2.281,1,1,0,0
74.0,48.0,17.0,21.63,60.28,6.43,37.88,Maize,9.034,1,1,0,0
89.0,60.0,17.0,25.38,57.21,5.98,3.73,Maize,1.036,1,1,0,0
69.0,51.0,23.0,22.22,72.85,6.8,1.28,Maize,3.33,1,1,0,0
96.0,46.0,22.0,20.58,69.0,6.5,75.33,Maize,2.438,0,1,0,0
61.0,60.0,15.0,24.88,68.74,6.27,1.15,Maize,2.999,0,1,0,0
74.0,58.0,18.0,20.04,56.36,6.73,9.69,Maize,4.227,1,1,0,0
74.0,43.0,23.0,25.95,61.89,6.33,79.92,Maize,3.525,1,1,0,0
63.0,43.0,17.0,19.29,65.47,6.81,30.13,Maize,9.957,0,1,0,0
99.0,36.0,20.0,20.58,65.35,6.67,2.91,Maize,9.922,1,1,0,0
77.0,36.0,23.0,24.71,56.73,6.65,5.66,Maize,7.923,0,1,0,0
87.0,60.0,23.0,20.27,63.91,6.44,7.96,Maize,7.81,0,1,0,0
60.0,38.0,17.0,18.42,64.24,6.47,95.18,Maize,8.319,0,1,0,0
94.0,54.0,17.0,23.39,61.74,5.87,23.01,Maize,3.95,1,1,0,0
95.0,38.0,22.0,19.85,61.25,5.73,18.38,Maize,1.95,1,1,0,0
84.0,44.0,21.0,21.87,61.91,5.85,7.88,Maize,9.182,1,1,0,0
77.0,58.0,19.0,22.81,56.51,5.79,41.72,Maize,7.03,0,1,0,0
66.0,44.0,20.0,19.08,69.02,6.74,7.5,Maize,6.908,0,1,0,0
63.0,35.0,16.0,22.03,65.36,6.27,10.21,Maize,8.651,0,1,0,0
79.0,45.0,20.0,23.81,59.25,5.72,148.56,Maize,2.182,0,1,0,0
72.0,60.0,25.0,18.53,69.03,5.77,49.41,Maize,7.686,0,1,0,0
67.0,51.0,24.0,23.5,61.32,5.58,50.35,Maize,3.604,1,1,0,0
86.0,36.0,24.0,26.55,72.89,5.79,6.81,Maize,6.799,1,1,0,0
76.0,48.0,18.0,19.3,69.63,5.78,36.89,Maize,3.608,1,1,0,0
75.0,53.0,18.0,20.69,59.44,6.86,2.08,Maize,3.412,0,1,0,0
81.0,45.0,23.0,19.33,68.03,6.19,125.24,Maize,6.189,0,1,0,0
73.0,45.0,21.0,24.61,73.59,6.64,37.74,Maize,5.975,0,1,0,0
71.0,35.0,24.0,22.27,59.52,5.83,3.29,Maize,5.046,1,1,0,0
96.0,54.0,22.0,25.7,61.33,6.96,6.94,Maize,9.365,1,1,0,0
99.0,39.0,18.0,19.2,68.31,6.11,6.99,Maize,7.124,1,1,0,0
62.0,48.0,20.0,21.7,60.47,6.71,4.21,Maize,5.356,1,1,0,0
86.0,37.0,16.0,20.52,59.21,5.56,32.43,Maize,2.43,0,1,0,0
94.0,50.0,19.0,23.3,73.63,5.87,9.84,Maize,1.925,0,1,0,0
76.0,39.0,24.0,24.25,55.65,7.0,34.87,Maize,8.445,1,1,0,0
77.0,52.0,17.0,24.86,65.74,5.71,3.79,Maize,1.537,0,1,0,0
74.0,39.0,23.0,22.63,65.77,6.78,20.28,Maize,5.244,0,1,0,0
81.0,49.0,20.0,18.04,60.61,5.51,88.01,Maize,3.583,1,1,0,0
63.0,42.0,21.0,23.26,72.33,5.8,59.28,Maize,9.248,0,1,0,0
99.0,38.0,21.0,22.88,71.6,6.35,124.14,Maize,2.587,0,1,0,0
90.0,52.0,25.0,25.97,69.36,6.82,40.82,Maize,9.851,1,1,0,0
68.0,40.0,19.0,26.14,66.21,6.66,8.71,Maize,5.713,0,1,0,0
60.0,57.0,24.0,18.66,61.55,6.12,7.89,Maize,8.096,0,1,0,0
71.0,52.0,18.0,25.11,55.98,5.79,8.51,Maize,9.208,1,1,0,0
61.0,59.0,17.0,23.34,59.25,6.47,74.05,Maize,5.241,1,1,0,0
88.0,38.0,15.0,25.08,65.92,6.46,3.7,Maize,7.827,1,1,0,0
65.0,60.0,22.0,25.37,72.52,6.61,2.14,Maize,2.991,0,1,0,0
78.0,37.0,22.0,25.34,63.32,6.33,187.14,Maize,1.453,1,1,0,0
78.0,58.0,15.0,25.01,67.82,6.53,51.49,Maize,4.67,1,1,0,0
92.0,60.0,23.0,18.67,71.52,5.72,9.93,Maize,6.23,1,1,0,0
79.0,59.0,17.0,20.38,63.74,6.64,7.34,Maize,1.077,1,1,0,0
91.0,55.0,15.0,18.09,72.61,6.38,45.58,Maize,7.393,0,1,0,0
76.0,51.0,18.0,26.17,71.96,6.25,187.69,Maize,4.499,1,1,0,0
87.0,48.0,25.0,18.65,61.38,6.66,9.36,Maize,9.271,0,1,0,0
71.0,60.0,22.0,26.07,59.37,6.2,89.74,Maize,5.251,1,1,0,0
90.0,57.0,24.0,18.93,72.8,6.16,4.45,Maize,4.046,0,1,0,0
67.0,35.0,22.0,23.31,63.25,6.39,2.85,Maize,5.928,1,1,0,0
60.0,54.0,19.0,18.75,62.5,6.42,181.12,Maize,5.537,0,1,0,0
83.0,58.0,23.0,19.74,59.66,6.38,9.96,Maize,9.635,0,1,0,0
83.0,57.0,19.0,25.73,70.75,6.88,9.26,Maize,6.488,1,1,0,0
40.0,72.0,77.0,17.02,16.99,7.49,8.53,chickpea,0.734,1,0,0,0
23.0,72.0,84.0,19.02,17.13,6.92,14.46,chickpea,0.166,0,0,0,0
39.0,58.0,85.0,17.89,15.41,6.0,2.64,chickpea,0.847,1,0,0,0
22.0,72.0,85.0,18.87,15.66,6.39,8.53,chickpea,0.2,0,0,0,0
36.0,67.0,77.0,18.37,19.56,7.15,6.7,chickpea,0.403,1,0,0,0
32.0,73.0,81.0,20.45,15.4,5.99,1.0,chickpea,0.823,1,0,0,0
58.0,70.0,84.0,20.65,16.61,6.23,55.17,chickpea,0.87,0,0,0,0
59.0,70.0,84.0,17.33,18.75,7.55,31.93,chickpea,0.756,1,0,0,0
42.0,62.0,75.0,18.18,18.9,7.01,1.26,chickpea,0.534,1,0,0,0
28.0,74.0,81.0,18.01,18.31,8.75,59.66,chickpea,0.197,0,0,0,0
58.0,66.0,79.0,20.99,19.33,8.72,69.83,chickpea,0.974,1,0,0,0
43.0,66.0,79.0,19.46,15.23,7.98,136.39,chickpea,0.302,1,0,0,0
58.0,63.0,81.0,19.81,14.7,6.52,8.62,chickpea,0.252,1,0,0,0
23.0,62.0,85.0,18.97,19.52,8.49,30.69,chickpea,0.1,0,0,0,0
27.0,62.0,77.0,18.2,14.71,6.58,90.03,chickpea,0.367,0,0,0,0
28.0,72.0,84.0,18.73,19.18,6.48,26.9,chickpea,0.876,0,0,0,0
50.0,56.0,76.0,21.0,19.86,7.97,31.82,chickpea,0.89,1,0,0,0
39.0,71.0,84.0,20.28,16.4,8.14,44.53,chickpea,0.909,1,0,0,0
25.0,78.0,76.0,17.48,15.76,7.23,124.92,chickpea,0.879,0,0,0,0
31.0,70.0,77.0,20.89,14.32,6.49,8.52,chickpea,0.766,1,0,0,0
26.0,80.0,83.0,17.08,16.15,7.53,51.18,chickpea,0.33,0,0,0,0
25.0,68.0,77.0,20.09,15.11,7.7,44.55,chickpea,0.212,1,0,0,0
31.0,78.0,76.0,17.57,15.0,8.52,36.21,chickpea,0.875,1,0,0,0
60.0,68.0,83.0,19.12,18.43,6.62,47.61,chickpea,0.769,0,0,0,0
59.0,62.0,83.0,18.58,19.22,8.1,9.9,chickpea,0.726,0,0,0,0
22.0,67.0,78.0,17.17,14.42,6.2,58.0,chickpea,0.103,1,0,0,0
36.0,65.0,80.0,18.29,16.68,6.05,3.32,chickpea,0.921,1,0,0,0
59.0,60.0,84.0,19.03,18.67,7.69,98.06,chickpea,0.651,1,0,0,0
54.0,77.0,85.0,17.14,17.07,7.83,3.21,chickpea,0.816,1,0,0,0
43.0,68.0,81.0,17.48,17.93,6.76,43.51,chickpea,0.906,0,0,0,0
28.0,76.0,82.0,20.57,14.26,6.65,110.32,chickpea,0.318,0,0,0,0
42.0,79.0,85.0,17.22,15.82,6.13,6.03,chickpea,0.518,0,0,0,0
32.0,60.0,83.0,19.69,19.44,8.83,184.38,chickpea,0.706,1,0,0,0
22.0,78.0,76.0,17.85,19.09,8.62,107.91,chickpea,0.542,0,0,0,0
31.0,79.0,75.0,18.82,16.11,8.2,76.95,chickpea,0.226,0,0,0,0
28.0,58.0,81.0,17.48,16.54,6.18,2.75,chickpea,0.273,1,0,0,0
57.0,58.0,77.0,18.73,17.58,7.98,5.44,chickpea,0.336,1,0,0,0
49.0,55.0,78.0,18.66,16.18,7.86,6.95,chickpea,0.17,0,0,0,0
46.0,76.0,77.0,18.24,19.69,6.97,4.71,chickpea,0.514,0,0,0,0
54.0,61.0,77.0,18.81,15.22,6.21,48.82,chickpea,0.307,1,0,0,0
38.0,60.0,76.0,18.65,17.81,8.87,5.07,chickpea,0.325,0,0,0,0
59.0,55.0,79.0,20.37,16.9,8.77,6.61,chickpea,0.437,0,0,0,0
36.0,76.0,75.0,18.38,16.64,8.74,4.37,chickpea,0.879,0,0,0,0
57.0,68.0,81.0,17.17,17.3,8.08,1.66,chickpea,0.84,0,0,0,0
35.0,66.0,81.0,19.37,15.77,6.14,49.48,chickpea,0.12,1,0,0,0
35.0,64.0,78.0,17.93,14.27,7.5,93.63,chickpea,0.958,0,0,0,0
52.0,60.0,79.0,19.45,18.23,8.38,40.03,chickpea,0.886,0,0,0,0
27.0,76.0,83.0,19.13,14.92,6.29,9.94,chickpea,0.909,1,0,0,0
57.0,60.0,84.0,19.1,17.26,6.59,79.56,chickpea,0.305,0,0,0,0
52.0,68.0,78.0,17.49,16.96,6.9,8.33,chickpea,0.324,1,0,0,0
43.0,79.0,79.0,19.41,18.98,7.81,54.43,chickpea,0.424,1,0,0,0
44.0,74.0,85.0,20.19,19.64,7.15,22.42,chickpea,0.277,0,0,0,0
24.0,55.0,78.0,17.3,15.15,6.65,2.02,chickpea,0.337,1,0,0,0
29.0,77.0,75.0,17.5,15.48,7.78,20.7,chickpea,0.486,1,0,0,0
20.0,60.0,78.0,18.17,14.7,6.36,82.86,chickpea,0.995,1,0,0,0
56.0,67.0,78.0,17.57,16.72,8.26,6.85,chickpea,0.872,0,0,0,0
37.0,66.0,85.0,20.93,18.91,6.46,195.81,chickpea,0.135,0,0,0,0
49.0,71.0,76.0,19.71,17.64,6.61,9.17,chickpea,0.195,1,0,0,0
59.0,69.0,80.0,19.08,17.87,8.17,4.88,chickpea,0.258,1,0,0,0
20.0,79.0,77.0,18.55,16.03,7.65,4.69,chickpea,0.349,1,0,0,0
24.0,56.0,85.0,18.2,17.41,6.55,26.17,chickpea,0.652,1,0,0,0
51.0,72.0,75.0,18.89,14.99,7.1,9.97,chickpea,0.846,1,0,0,0
57.0,73.0,85.0,18.49,14.72,7.36,1.98,chickpea,0.346,0,0,0,0
22.0,64.0,82.0,19.49,17.17,6.47,2.64,chickpea,0.574,0,0,0,0
52.0,73.0,79.0,17.26,18.75,7.84,68.33,chickpea,0.646,0,0,0,0
29.0,75.0,75.0,19.62,18.71,7.06,21.83,chickpea,0.788,1,0,0,0
44.0,59.0,78.0,20.68,19.85,7.6,5.66,chickpea,0.338,0,0,0,0
41.0,69.0,82.0,20.02,16.63,6.72,28.1,chickpea,0.541,1,0,0,0
52.0,56.0,85.0,20.12,14.44,6.82,36.24,chickpea,0.975,1,0,0,0
34.0,76.0,80.0,20.66,15.85,7.99,4.28,chickpea,0.903,0,0,0,0
42.0,74.0,83.0,19.26,14.28,7.55,7.88,chickpea,0.991,0,0,0,0
34.0,71.0,79.0,17.93,15.86,7.73,45.84,chickpea,0.992,1,0,0,0
27.0,73.0,79.0,19.16,15.84,7.35,132.74,chickpea,0.895,1,0,0,0
30.0,70.0,79.0,20.27,19.97,7.31,14.77,chickpea,0.427,0,0,0,0
57.0,57.0,75.0,17.09,18.25,7.79,28.63,chickpea,0.164,1,0,0,0
27.0,79.0,82.0,17.07,17.54,6.31,17.45,chickpea,0.684,0,0,0,0
32.0,71.0,85.0,20.63,14.44,6.4,4.05,chickpea,0.6,1,0,0,0
31.0,76.0,82.0,20.82,17.85,7.6,133.34,chickpea,0.79,0,0,0,0
33.0,75.0,84.0,19.46,18.73,7.22,97.09,chickpea,0.175,1,0,0,0
47.0,80.0,77.0,17.18,16.43,7.56,152.58,chickpea,0.399,1,0,0,0
54.0,62.0,80.0,17.49,16.39,7.49,12.31,chickpea,0.569,1,0,0,0
47.0,79.0,78.0,17.48,14.76,6.61,8.17,chickpea,0.868,1,0,0,0
35.0,57.0,83.0,19.48,17.45,7.48,55.42,chickpea,0.764,0,0,0,0
53.0,73.0,77.0,19.71,18.1,7.33,6.35,chickpea,0.824,0,0,0,0
45.0,61.0,78.0,19.49,16.06,6.49,7.2,chickpea,0.637,0,0,0,0
37.0,78.0,79.0,19.95,14.83,7.79,3.48,chickpea,0.831,1,0,0,0
30.0,75.0,81.0,19.42,16.8,6.41,125.32,chickpea,0.805,1,0,0,0
37.0,55.0,82.0,19.46,18.02,8.42,14.36,chickpea,0.444,1,0,0,0
53.0,65.0,76.0,20.19,16.42,8.72,9.65,chickpea,0.753,1,0,0,0
22.0,60.0,85.0,18.84,14.74,7.81,27.4,chickpea,0.279,1,0,0,0
60.0,61.0,78.0,20.71,19.84,6.32,20.43,chickpea,0.563,1,0,0,0
42.0,67.0,77.0,18.99,15.94,7.11,15.5,chickpea,0.635,1,0,0,0
39.0,76.0,76.0,19.97,15.57,8.14,38.46,chickpea,0.346,0,0,0,0
35.0,63.0,76.0,17.82,17.61,7.71,9.88,chickpea,0.235,1,0,0,0
30.0,65.0,82.0,20.71,15.28,7.1,9.17,chickpea,0.173,0,0,0,0
57.0,56.0,78.0,17.34,18.76,8.86,25.74,chickpea,0.423,1,0,0,0
48.0,65.0,78.0,17.44,14.34,7.86,44.01,chickpea,0.671,1,0,0,0
36.0,56.0,83.0,18.9,19.76,7.45,62.82,chickpea,0.482,0,0,0,0
40.0,58.0,75.0,18.59,14.78,7.17,75.35,chickpea,0.419,0,0,0,0
49.0,69.0,82.0,18.32,15.36,7.26,16.26,chickpea,0.301,1,0,0,0
12.4,65.83,25.39,17.14,20.6,5.69,31.18,Cowpea,1.712,0,0,1,0
25.67,68.38,15.56,19.63,18.91,5.76,1.43,Cowpea,0.754,1,0,1,0
30.21,57.53,20.37,22.91,21.34,5.87,86.35,Cowpea,0.72,1,0,1,0
38.42,63.87,14.84,16.43,24.24,5.93,35.57,Cowpea,0.901,1,0,1,0
2.16,58.01,18.88,22.14,23.02,5.96,80.55,Cowpea,1.111,0,0,1,0
26.89,62.25,23.22,17.85,18.78,5.95,6.28,Cowpea,0.248,1,0,1,0
18.66,56.01,21.34,19.88,20.32,5.79,3.0,Cowpea,1.004,0,0,1,0
27.42,82.11,18.24,19.33,23.33,5.58,36.2,Cowpea,0.329,1,0,1,0
15.94,54.08,15.59,18.42,23.43,5.69,40.25,Cowpea,1.822,0,0,1,0
27.27,57.04,23.6,21.81,23.21,5.79,26.32,Cowpea,1.528,0,0,1,0
27.93,55.81,24.21,19.73,18.28,5.75,4.88,Cowpea,1.566,1,0,1,0
27.14,57.34,19.67,17.15,19.87,5.57,29.28,Cowpea,1.637,1,0,1,0
29.82,76.79,18.3,19.62,18.67,5.81,48.56,Cowpea,1.736,0,0,1,0
25.58,58.03,19.84,21.63,21.18,5.89,59.4,Cowpea,0.496,1,0,1,0
11.04,76.26,22.95,16.07,18.72,6.0,1.31,Cowpea,1.494,1,0,1,0
6.3,75.4,26.39,20.61,24.36,5.79,2.07,Cowpea,0.81,0,0,1,0
20.85,75.62,15.86,21.42,20.4,5.91,7.13,Cowpea,1.003,0,0,1,0
29.25,86.96,14.0,19.07,21.21,5.79,46.69,Cowpea,0.316,0,0,1,0
10.35,59.39,22.89,21.19,19.63,5.73,23.34,Cowpea,0.965,0,0,1,0
21.49,68.94,19.58,23.04,22.43,5.83,13.47,Cowpea,0.683,1,0,1,0
19.21,83.09,17.02,20.65,23.11,5.97,197.28,Cowpea,0.608,1,0,1,0
17.72,70.86,26.11,18.1,18.29,5.63,19.34,Cowpea,1.644,1,0,1,0
22.16,70.91,18.41,18.24,21.08,5.52,9.13,Cowpea,1.697,1,0,1,0
40.07,66.94,20.84,17.48,18.83,5.95,51.7,Cowpea,0.647,0,0,1,0
12.1,66.93,18.44,19.92,21.47,5.75,71.7,Cowpea,0.408,1,0,1,0
16.65,74.61,19.18,20.28,23.24,5.88,4.65,Cowpea,1.195,1,0,1,0
19.82,65.25,16.17,15.77,19.23,5.98,24.96,Cowpea,0.825,0,0,1,0
21.67,77.14,20.2,16.71,19.18,5.64,35.64,Cowpea,0.333,1,0,1,0
33.63,61.6,21.25,17.66,18.15,5.64,18.96,Cowpea,0.444,0,0,1,0
16.81,74.62,19.28,18.51,23.62,5.68,95.61,Cowpea,0.668,1,0,1,0
17.1,84.05,25.0,24.51,20.82,5.67,17.73,Cowpea,0.486,1,0,1,0
36.36,74.37,18.94,18.88,24.54,5.72,2.66,Cowpea,1.769,0,0,1,0
37.11,70.25,21.6,21.59,20.32,5.81,3.59,Cowpea,1.362,1,0,1,0
8.74,76.47,15.82,20.12,24.45,5.78,23.35,Cowpea,0.647,1,0,1,0
0.92,64.44,24.67,15.44,18.37,5.61,83.8,Cowpea,0.487,0,0,1,0
31.9,62.54,23.53,22.64,21.59,5.95,88.42,Cowpea,0.496,0,0,1,0
24.94,53.33,18.29,21.99,24.87,5.85,34.43,Cowpea,1.765,0,0,1,0
6.31,67.36,23.62,20.53,18.09,5.82,34.34,Cowpea,0.206,0,0,1,0
25.41,61.8,21.74,15.79,21.15,5.5,1.63,Cowpea,0.573,1,0,1,0
6.84,86.3,24.8,19.64,19.69,5.82,5.88,Cowpea,1.796,1,0,1,0
7.57,78.51,17.28,20.57,19.75,5.71,9.14,Cowpea,0.835,0,0,1,0
24.95,57.75,13.99,20.16,24.84,5.51,18.77,Cowpea,0.839,1,0,1,0
27.67,63.89,23.94,21.54,24.25,6.0,9.52,Cowpea,0.841,1,0,1,0
32.43,60.79,17.54,15.54,23.76,5.7,1.21,Cowpea,1.83,0,0,1,0
27.55,60.15,19.87,19.92,20.7,5.83,7.08,Cowpea,1.184,1,0,1,0
16.66,77.39,24.67,20.77,18.93,5.57,80.84,Cowpea,1.125,0,0,1,0
0.0,59.38,13.9,23.46,23.22,5.65,5.58,Cowpea,1.757,1,0,1,0
12.51,77.5,22.51,24.32,21.03,5.82,8.96,Cowpea,1.378,1,0,1,0
34.89,55.36,22.54,20.13,24.97,5.66,92.07,Cowpea,1.773,0,0,1,0
9.06,77.08,20.26,21.81,18.57,5.95,2.38,Cowpea,0.505,1,0,1,0
10.48,73.1,18.53,19.52,24.93,5.95,26.3,Cowpea,0.735,1,0,1,0
2.71,72.16,22.55,17.0,19.91,5.52,46.78,Cowpea,0.683,0,0,1,0
34.83,74.55,23.63,16.79,24.97,5.58,8.57,Cowpea,1.467,1,0,1,0
3.06,73.03,26.79,24.85,22.89,5.61,2.57,Cowpea,1.011,0,0,1,0
23.46,63.64,18.35,16.52,20.46,5.61,1.56,Cowpea,1.111,0,0,1,0
23.15,75.19,18.07,18.15,19.39,5.51,82.77,Cowpea,1.117,1,0,1,0
31.35,78.79,24.16,23.19,22.31,5.9,3.62,Cowpea,0.877,1,0,1,0
35.04,60.4,17.1,23.38,21.99,5.74,35.5,Cowpea,0.658,1,0,1,0
12.67,57.78,18.23,18.36,19.38,5.72,30.84,Cowpea,1.51,1,0,1,0
26.86,56.86,21.83,19.26,20.51,5.54,7.99,Cowpea,1.475,1,0,1,0
6.5,56.81,25.98,22.95,24.04,5.86,163.76,Cowpea,0.974,1,0,1,0
25.76,67.25,22.52,20.12,22.9,5.62,85.63,Cowpea,1.0,1,0,1,0
11.77,72.0,23.59,21.14,22.72,5.61,8.24,Cowpea,1.516,1,0,1,0
34.4,74.53,13.9,24.92,18.23,5.58,44.88,Cowpea,0.752,1,0,1,0
25.17,80.68,25.28,15.33,24.92,5.57,116.11,Cowpea,1.031,1,0,1,0
37.14,62.09,17.56,18.81,21.28,5.89,24.19,Cowpea,0.672,1,0,1,0
20.51,62.38,14.56,23.44,22.77,5.93,1.93,Cowpea,1.792,0,0,1,0
36.63,68.98,17.1,22.84,18.97,5.68,1.16,Cowpea,1.735,1,0,1,0
16.34,66.92,13.72,24.9,22.28,5.71,6.46,Cowpea,1.573,0,0,1,0
3.92,64.54,23.85,23.79,24.36,5.95,96.67,Cowpea,1.757,0,0,1,0
38.37,60.31,24.77,22.06,19.6,5.77,76.53,Cowpea,1.882,1,0,1,0
5.35,64.68,15.33,18.87,20.18,5.97,14.53,Cowpea,0.496,1,0,1,0
11.64,55.01,21.98,18.62,23.02,5.53,41.83,Cowpea,0.723,0,0,1,0
21.85,83.9,19.53,23.01,18.87,5.67,7.65,Cowpea,0.759,0,0,1,0
11.95,55.11,19.59,19.33,24.14,5.66,1.96,Cowpea,1.718,0,0,1,0
5.12,77.59,19.35,16.24,21.36,5.59,1.31,Cowpea,1.252,0,0,1,0
26.19,63.04,23.83,17.92,24.91,5.93,17.23,Cowpea,1.27,0,0,1,0
33.88,70.88,17.79,15.47,21.44,5.82,42.13,Cowpea,1.197,1,0,1,0
39.21,63.09,21.08,17.06,23.77,5.86,3.44,Cowpea,0.204,0,0,1,0
5.4,69.73,15.27,21.33,18.49,5.87,5.24,Cowpea,0.995,1,0,1,0
35.08,80.98,14.0,23.91,20.75,5.71,9.93,Cowpea,1.653,1,0,1,0
9.94,81.96,20.7,23.9,22.74,5.94,6.76,Cowpea,1.526,1,0,1,0
0.0,59.39,22.16,22.99,20.58,5.92,8.12,Cowpea,1.861,1,0,1,0
13.01,64.41,14.26,21.35,22.91,5.78,6.0,Cowpea,0.358,1,0,1,0
27.93,74.06,21.33,24.16,19.28,5.83,63.13,Cowpea,0.466,0,0,1,0
32.82,63.94,17.23,24.63,18.18,5.51,7.15,Cowpea,0.468,0,0,1,0
15.9,67.0,17.76,21.02,24.94,5.66,119.96,Cowpea,1.504,1,0,1,0
13.64,62.62,17.2,17.31,20.02,5.86,73.3,Cowpea,1.203,0,0,1,0
15.37,64.97,22.2,23.83,24.75,5.62,38.93,Cowpea,0.926,1,0,1,0
8.22,64.41,21.55,19.31,23.96,5.59,13.35,Cowpea,0.488,1,0,1,0
19.35,66.67,23.33,16.04,22.33,5.98,11.47,Cowpea,1.938,1,0,1,0
38.05,83.22,20.51,19.19,20.83,5.67,18.33,Cowpea,0.962,1,0,1,0
26.1,78.18,24.93,19.93,21.8,5.96,19.97,Cowpea,1.07,0,0,1,0
13.63,70.8,13.96,19.56,24.67,5.69,4.84,Cowpea,0.586,1,0,1,0
7.45,60.17,16.99,18.31,24.33,5.7,6.38,Cowpea,0.604,0,0,1,0
28.09,71.47,16.28,20.11,23.22,5.6,3.89,Cowpea,0.786,1,0,1,0
31.04,59.09,17.59,23.61,21.91,5.53,47.05,Cowpea,0.857,1,0,1,0
35.71,73.47,26.82,19.73,24.89,5.82,13.67,Cowpea,0.885,1,0,1,0
24.38,66.83,18.66,20.93,21.19,5.56,68.22,Cowpea,0.312,1,0,1,0
21.11,64.06,24.51,18.78,20.25,5.63,160.88,Cowpea,1.542,0,0,1,0
3.23,70.99,22.16,36.51,57.93,6.03,43.79,Green Gram,1.568,1,0,1,0
42.21,58.13,24.07,36.89,62.73,5.27,14.49,Green Gram,0.721,1,0,1,0
29.81,69.7,23.52,29.24,59.39,5.99,114.61,Green Gram,1.695,0,0,1,0
24.45,52.4,26.29,27.34,43.36,6.09,10.69,Green Gram,1.447,0,0,1,0
10.65,77.4,16.86,21.06,55.47,5.62,1.54,Green Gram,1.783,1,0,1,0
27.65,71.7,24.17,30.33,42.35,6.45,31.04,Green Gram,0.765,1,0,1,0
39.35,71.34,20.99,31.8,45.03,5.62,18.49,Green Gram,0.99,0,0,1,0
36.51,54.17,20.33,33.18,38.23,5.86,4.97,Green Gram,0.876,1,0,1,0
38.36,53.82,18.55,29.39,63.48,5.76,20.43,Green Gram,1.584,0,0,1,0
34.29,61.89,22.79,30.27,67.39,4.7,7.3,Green Gram,0.698,0,0,1,0
33.25,55.75,24.1,35.46,68.76,5.27,10.79,Green Gram,0.346,1,0,1,0
17.42,54.44,16.51,33.8,40.03,7.45,160.86,Green Gram,1.815,1,0,1,0
33.07,65.01,17.96,28.69,49.47,5.83,56.88,Green Gram,1.528,0,0,1,0
15.07,77.79,20.16,31.24,56.67,7.34,140.07,Green Gram,0.428,1,0,1,0
28.42,64.94,15.53,28.98,57.23,6.35,124.84,Green Gram,0.849,1,0,1,0
42.34,56.96,20.34,27.32,34.14,4.7,6.73,Green Gram,1.926,0,0,1,0
18.43,56.37,16.01,21.48,38.8,4.96,46.19,Green Gram,1.623,1,0,1,0
3.11,71.09,16.88,18.32,34.7,4.96,2.87,Green Gram,1.516,1,0,1,0
23.99,71.29,23.1,36.98,37.74,5.64,8.31,Green Gram,0.31,0,0,1,0
16.74,63.8,19.1,24.8,40.12,5.61,2.03,Green Gram,1.494,0,0,1,0
23.66,63.24,17.41,19.35,55.97,4.68,59.09,Green Gram,0.33,0,0,1,0
9.84,76.9,25.97,28.88,50.12,5.71,61.89,Green Gram,1.031,1,0,1,0
16.32,57.24,19.31,19.54,47.19,6.41,53.74,Green Gram,1.983,1,0,1,0
27.33,72.39,22.13,24.77,50.55,6.01,3.03,Green Gram,1.065,0,0,1,0
15.26,74.64,23.55,18.33,38.41,4.95,122.45,Green Gram,1.717,0,0,1,0
25.21,65.01,22.63,19.15,45.37,5.52,69.12,Green Gram,1.217,0,0,1,0
41.08,78.51,19.59,28.23,49.44,5.9,8.97,Green Gram,0.504,1,0,1,0
8.74,71.56,21.81,30.12,34.13,5.72,13.13,Green Gram,1.239,0,0,1,0
32.77,59.56,18.53,33.41,35.43,4.55,128.27,Green Gram,0.323,0,0,1,0
0.92,74.5,19.32,24.19,46.69,6.67,16.07,Green Gram,1.094,0,0,1,0
6.09,72.55,18.58,26.89,41.7,4.75,1.78,Green Gram,1.716,1,0,1,0
25.44,68.45,23.05,31.33,57.97,4.95,63.71,Green Gram,0.944,1,0,1,0
25.48,65.73,18.3,33.31,67.08,5.27,186.55,Green Gram,1.274,0,0,1,0
27.98,71.31,23.38,23.45,46.49,7.11,124.92,Green Gram,0.802,0,0,1,0
36.12,66.44,21.03,34.54,39.04,5.62,46.2,Green Gram,0.403,0,0,1,0
17.98,75.24,17.87,19.5,34.51,5.63,2.49,Green Gram,0.543,1,0,1,0
25.83,68.04,22.51,28.77,37.58,4.67,5.28,Green Gram,1.917,0,0,1,0
15.54,66.44,17.11,30.98,32.25,7.16,13.21,Green Gram,1.288,1,0,1,0
13.38,73.74,20.21,18.4,36.83,6.62,13.51,Green Gram,0.593,0,0,1,0
37.86,57.99,14.77,35.09,30.99,5.0,48.22,Green Gram,0.389,1,0,1,0
5.58,61.66,14.95,34.93,30.4,6.35,7.44,Green Gram,0.738,1,0,1,0
8.6,59.82,16.72,29.51,35.72,6.22,37.94,Green Gram,0.773,1,0,1,0
1.99,64.53,19.72,34.52,47.53,5.92,50.65,Green Gram,0.992,0,0,1,0
1.08,74.56,16.3,28.43,52.1,6.01,2.74,Green Gram,0.371,1,0,1,0
16.56,69.15,20.62,18.42,34.81,4.68,4.18,Green Gram,0.463,1,0,1,0
24.0,68.89,26.68,31.08,47.2,7.08,36.28,Green Gram,1.84,0,0,1,0
29.22,73.26,21.91,20.89,46.25,6.21,3.4,Green Gram,0.576,1,0,1,0
27.07,56.98,20.91,30.91,52.8,7.05,173.23,Green Gram,0.742,0,0,1,0
5.29,67.36,24.52,27.93,66.45,4.72,67.48,Green Gram,0.435,1,0,1,0
34.94,67.55,24.84,35.95,36.53,6.42,37.39,Green Gram,1.917,1,0,1,0
1.02,59.91,21.0,19.54,56.93,4.8,28.03,Green Gram,1.323,1,0,1,0
23.24,78.28,20.4,19.64,32.32,4.61,1.74,Green Gram,1.778,0,0,1,0
17.57,70.42,17.99,31.22,56.47,5.61,8.78,Green Gram,1.029,1,0,1,0
4.59,51.42,18.28,33.51,45.71,7.32,1.64,Green Gram,1.787,0,0,1,0
5.16,58.85,26.28,24.81,45.01,5.02,6.1,Green Gram,1.775,0,0,1,0
35.22,69.92,18.42,36.21,31.95,5.62,15.44,Green Gram,1.111,0,0,1,0
12.61,72.13,19.02,30.5,35.49,5.39,51.67,Green Gram,1.978,1,0,1,0
6.15,65.96,21.43,26.02,49.95,5.91,6.08,Green Gram,1.474,1,0,1,0
15.6,82.62,24.08,31.48,35.64,6.57,15.61,Green Gram,0.338,1,0,1,0
25.49,60.86,20.84,33.15,32.46,4.81,9.9,Green Gram,1.955,1,0,1,0
33.68,75.52,23.37,23.5,51.29,4.76,39.62,Green Gram,1.047,1,0,1,0
21.85,83.56,23.64,34.87,38.84,5.18,105.15,Green Gram,0.235,1,0,1,0
35.09,72.22,26.68,28.09,44.93,4.9,167.23,Green Gram,1.086,1,0,1,0
14.03,68.55,25.73,24.55,57.34,6.44,31.46,Green Gram,1.03,0,0,1,0
34.02,85.16,19.99,33.65,48.41,7.07,71.23,Green Gram,0.713,1,0,1,0
7.16,72.87,19.11,20.56,60.55,6.66,77.7,Green Gram,0.903,0,0,1,0
31.6,83.54,26.94,19.96,59.33,5.98,8.34,Green Gram,1.25,1,0,1,0
31.2,56.62,21.73,28.88,62.49,5.46,56.06,Green Gram,0.764,0,0,1,0
18.89,73.25,15.84,36.04,43.61,4.76,26.22,Green Gram,0.366,1,0,1,0
18.33,53.47,25.07,23.67,47.29,7.34,4.12,Green Gram,0.571,1,0,1,0
3.17,54.5,17.15,25.75,40.72,4.82,93.82,Green Gram,0.958,1,0,1,0
4.55,72.97,18.84,31.09,66.69,6.24,139.21,Green Gram,1.873,0,0,1,0
4.74,71.06,21.84,18.73,61.33,5.0,1.6,Green Gram,1.401,1,0,1,0
38.54,71.28,22.1,29.5,63.47,5.56,3.19,Green Gram,1.271,1,0,1,0
8.63,55.16,22.02,20.44,39.37,4.75,8.68,Green Gram,1.188,1,0,1,0
20.41,71.59,16.47,36.0,56.01,7.31,16.54,Green Gram,1.834,1,0,1,0
32.7,52.41,23.18,31.47,35.39,5.66,7.52,Green Gram,1.312,1,0,1,0
0.0,68.49,20.88,36.3,56.03,4.67,4.23,Green Gram,0.442,1,0,1,0
21.67,67.32,14.2,29.49,67.11,6.47,48.08,Green Gram,0.407,0,0,1,0
11.95,61.0,18.5,30.58,34.76,5.38,36.41,Green Gram,1.632,0,0,1,0
24.33,72.72,20.6,24.69,59.97,5.86,27.32,Green Gram,0.762,1,0,1,0
31.12,68.08,25.88,23.17,36.68,6.96,7.24,Green Gram,1.57,1,0,1,0
4.57,72.87,21.07,19.04,33.11,6.12,38.0,Green Gram,0.635,1,0,1,0
37.51,52.42,19.38,29.32,45.93,6.42,33.76,Green Gram,0.519,1,0,1,0
21.7,66.13,15.92,34.65,54.32,4.83,12.33,Green Gram,1.968,0,0,1,0
17.89,53.62,22.16,22.0,56.31,6.99,24.47,Green Gram,0.996,0,0,1,0
40.08,75.7,22.53,23.0,60.24,4.6,3.87,Green Gram,0.271,1,0,1,0
11.94,70.46,20.44,30.56,35.29,6.98,169.32,Green Gram,1.086,0,0,1,0
26.51,66.98,25.3,31.46,48.18,7.06,76.92,Green Gram,1.131,1,0,1,0
24.08,59.05,20.92,25.95,40.58,5.17,2.64,Green Gram,1.711,0,0,1,0
24.64,54.53,15.41,21.01,69.69,5.11,2.83,Green Gram,1.054,0,0,1,0
4.31,63.75,19.33,19.25,47.7,5.37,58.5,Green Gram,1.146,1,0,1,0
19.49,61.28,18.1,19.24,50.54,5.67,94.28,Green Gram,0.464,1,0,1,0
7.56,75.72,16.79,22.47,62.57,5.67,23.02,Green Gram,0.209,0,0,1,0
15.9,62.65,19.79,36.75,58.26,6.08,3.25,Green Gram,0.976,0,0,1,0
37.12,72.95,15.73,29.89,66.35,6.93,2.54,Green Gram,0.505,1,0,1,0
10.42,77.5,21.68,29.38,44.82,6.84,2.31,Green Gram,1.74,0,0,1,0
19.56,55.76,21.23,29.65,42.9,6.88,4.7,Green Gram,1.919,1,0,1,0
9.45,66.54,19.64,19.54,66.35,6.15,134.09,Green Gram,0.92,1,0,1,0
35.41,64.06,24.27,20.05,48.94,4.57,81.06,Green Gram,0.886,0,0,1,0
2.78,52.68,18.76,27.91,64.71,3.69,137.89,Cowpea,0.506,1,0,1,0
23.2,59.33,24.66,27.32,51.28,4.37,5.48,Cowpea,0.486,1,0,1,0
32.45,60.12,22.79,28.66,59.32,8.4,9.36,Cowpea,1.501,0,0,1,0
3.72,38.71,17.92,29.03,61.09,8.84,33.21,Cowpea,1.193,0,0,1,0
26.47,58.19,14.9,27.78,54.65,8.15,39.35,Cowpea,1.237,1,0,1,0
30.68,39.0,23.0,32.0,54.11,5.27,39.15,Cowpea,0.829,0,0,1,0
13.07,50.1,15.03,27.34,55.28,8.05,12.2,Cowpea,1.128,0,0,1,0
4.93,38.25,18.63,28.93,53.57,9.68,9.41,Cowpea,0.869,0,0,1,0
25.78,59.27,25.23,27.65,58.6,6.97,7.44,Cowpea,0.341,1,0,1,0
10.98,49.96,24.89,28.52,55.77,7.39,6.1,Cowpea,0.998,0,0,1,0
43.57,51.11,15.76,31.02,45.89,6.69,74.04,Cowpea,0.893,0,0,1,0
35.85,52.72,25.96,25.74,45.38,7.88,7.28,Cowpea,0.465,1,0,1,0
25.43,40.06,21.24,31.7,56.85,5.88,121.93,Cowpea,1.988,0,0,1,0
24.16,40.4,19.99,24.48,58.52,8.2,10.76,Cowpea,0.791,1,0,1,0
22.61,46.86,22.27,31.47,51.8,8.99,6.2,Cowpea,0.347,1,0,1,0
29.38,62.66,18.69,25.61,50.73,5.88,80.8,Cowpea,0.922,1,0,1,0
29.89,32.95,20.77,30.3,47.18,7.71,83.26,Cowpea,0.26,1,0,1,0
0.0,55.95,23.81,28.17,43.67,4.52,51.3,Cowpea,0.675,1,0,1,0
7.34,48.26,20.2,25.51,44.83,9.93,8.22,Cowpea,0.876,1,0,1,0
16.25,62.34,25.26,31.13,43.59,6.46,74.53,Cowpea,0.807,1,0,1,0
10.22,46.3,16.34,26.34,55.59,8.02,21.14,Cowpea,1.965,0,0,1,0
23.61,47.11,22.23,28.23,61.56,3.71,80.75,Cowpea,1.008,1,0,1,0
9.72,53.48,19.94,27.04,49.33,5.49,61.2,Cowpea,0.721,0,0,1,0
29.32,45.28,15.89,25.16,55.25,9.25,21.37,Cowpea,0.478,0,0,1,0
25.42,49.8,18.48,27.32,51.67,6.01,41.72,Cowpea,0.463,1,0,1,0
33.85,55.75,20.98,25.41,49.66,7.44,45.16,Cowpea,0.478,1,0,1,0
8.18,55.64,18.46,31.22,46.02,3.81,116.4,Cowpea,1.67,1,0,1,0
24.2,35.89,19.53,30.57,58.23,5.82,4.84,Cowpea,1.567,0,0,1,0
23.48,45.84,24.37,25.43,53.22,4.52,2.75,Cowpea,0.665,1,0,1,0
32.94,38.71,24.62,27.09,43.65,3.51,85.21,Cowpea,0.478,1,0,1,0
21.65,44.2,22.74,24.31,56.33,6.03,86.41,Cowpea,1.309,1,0,1,0
16.84,40.71,21.25,30.06,45.9,5.5,41.49,Cowpea,1.026,1,0,1,0
8.71,45.6,14.75,28.1,60.98,4.61,2.72,Cowpea,0.786,1,0,1,0
7.12,55.5,22.42,26.34,40.01,5.55,82.48,Cowpea,0.232,0,0,1,0
39.46,61.11,16.08,28.61,57.14,8.29,197.09,Cowpea,1.826,0,0,1,0
10.7,40.76,18.4,28.7,44.36,3.83,4.13,Cowpea,1.438,1,0,1,0
5.87,35.57,19.85,24.22,59.79,8.87,24.34,Cowpea,1.94,0,0,1,0
17.17,51.89,20.21,28.51,45.2,3.79,6.11,Cowpea,1.764,1,0,1,0
4.32,46.89,18.22,25.98,64.96,4.19,4.6,Cowpea,0.78,0,0,1,0
8.85,51.58,15.1,30.88,41.37,7.66,35.23,Cowpea,1.777,0,0,1,0
24.99,47.93,21.65,25.5,61.67,9.39,8.28,Cowpea,0.87,1,0,1,0
37.61,44.93,19.74,25.13,51.33,4.52,33.13,Cowpea,1.375,1,0,1,0
20.19,36.73,19.98,27.11,63.57,5.79,68.04,Cowpea,0.647,1,0,1,0
38.33,52.57,19.48,31.1,44.82,7.35,9.49,Cowpea,0.38,0,0,1,0
30.06,52.67,18.53,26.46,56.4,5.99,39.6,Cowpea,1.431,1,0,1,0
31.54,45.79,19.11,30.04,63.56,8.62,14.49,Cowpea,1.248,1,0,1,0
25.19,52.03,18.73,27.78,54.82,9.46,61.32,Cowpea,0.502,1,0,1,0
9.87,45.68,24.18,30.99,43.02,8.03,44.85,Cowpea,1.055,0,0,1,0
24.94,34.44,18.31,26.49,47.37,5.41,3.82,Cowpea,0.434,0,0,1,0
9.78,62.46,22.5,31.97,57.17,6.28,57.04,Cowpea,0.818,1,0,1,0
2.94,60.33,21.38,25.36,46.83,9.16,49.76,Cowpea,1.817,0,0,1,0
20.9,44.37,23.76,25.54,56.97,7.89,40.06,Cowpea,1.766,1,0,1,0
10.82,35.22,22.15,28.99,62.86,8.18,63.52,Cowpea,1.207,1,0,1,0
38.05,32.98,23.31,29.34,60.5,9.07,85.29,Cowpea,1.41,1,0,1,0
29.51,44.83,16.6,28.64,61.39,7.7,177.29,Cowpea,1.979,0,0,1,0
27.7,39.98,14.64,24.83,44.17,5.89,38.27,Cowpea,1.568,0,0,1,0
18.69,35.27,23.05,25.45,58.55,6.16,57.95,Cowpea,1.908,0,0,1,0
3.96,50.55,15.8,31.01,62.4,3.5,64.73,Cowpea,1.195,1,0,1,0
21.34,39.83,20.27,27.06,52.3,7.39,21.76,Cowpea,1.947,0,0,1,0
37.71,59.83,23.98,27.1,42.26,8.34,7.58,Cowpea,0.713,1,0,1,0
23.35,55.87,24.67,28.57,57.31,8.66,5.99,Cowpea,1.527,0,0,1,0
38.02,53.47,15.51,28.8,49.84,3.56,8.49,Cowpea,1.398,1,0,1,0
16.63,60.94,17.86,27.94,45.41,5.96,4.93,Cowpea,1.377,1,0,1,0
26.2,60.81,18.04,30.48,61.58,9.42,5.74,Cowpea,0.368,1,0,1,0
22.77,34.4,16.36,30.58,50.77,8.18,1.91,Cowpea,1.307,0,0,1,0
9.96,39.38,18.24,26.86,41.81,5.13,29.43,Cowpea,1.815,1,0,1,0
41.48,39.92,16.52,26.31,61.19,6.29,1.6,Cowpea,1.109,0,0,1,0
20.93,36.78,25.09,28.78,44.23,7.99,2.31,Cowpea,1.623,0,0,1,0
24.35,35.24,21.15,28.9,43.35,8.92,6.55,Cowpea,0.649,1,0,1,0
43.58,48.4,20.76,29.38,57.7,6.88,163.07,Cowpea,0.589,0,0,1,0
21.34,59.3,18.58,24.17,58.25,5.24,5.4,Cowpea,0.32,0,0,1,0
2.19,52.65,23.84,26.65,59.79,7.55,62.98,Cowpea,0.946,1,0,1,0
2.71,55.23,17.6,28.2,53.51,8.71,2.49,Cowpea,1.641,0,0,1,0
27.06,48.85,25.03,28.76,52.63,7.79,8.25,Cowpea,1.596,1,0,1,0
41.2,42.06,18.58,29.35,61.25,8.06,115.67,Cowpea,0.287,1,0,1,0
24.78,61.22,18.64,28.01,52.61,4.4,8.53,Cowpea,1.87,1,0,1,0
23.65,48.84,20.01,26.86,48.82,5.95,33.77,Cowpea,1.508,1,0,1,0
6.33,39.71,18.6,31.21,40.93,8.53,4.81,Cowpea,1.323,1,0,1,0
15.55,45.53,21.82,24.2,61.43,7.22,79.16,Cowpea,0.305,1,0,1,0
26.21,48.44,22.16,29.99,49.6,4.93,104.8,Cowpea,1.681,0,0,1,0
20.56,48.28,15.38,29.94,54.62,4.63,3.9,Cowpea,1.545,1,0,1,0
34.87,57.26,22.1,31.21,41.56,5.03,4.87,Cowpea,1.122,0,0,1,0
18.21,52.77,24.45,26.8,48.24,3.53,38.93,Cowpea,0.326,1,0,1,0
31.48,43.25,19.58,31.49,62.85,8.87,8.88,Cowpea,1.144,0,0,1,0
20.41,49.5,21.46,31.0,46.43,9.41,40.86,Cowpea,1.186,1,0,1,0
10.8,41.04,21.86,29.61,63.05,5.8,136.78,Cowpea,1.44,1,0,1,0
15.61,55.89,15.35,29.98,57.03,8.35,98.39,Cowpea,0.67,1,0,1,0
36.45,51.04,21.9,30.89,52.63,8.63,71.06,Cowpea,1.459,0,0,1,0
8.39,63.81,24.59,30.39,60.16,7.7,20.14,Cowpea,1.663,1,0,1,0
40.3,46.13,17.7,30.44,55.21,5.26,170.22,Cowpea,1.194,1,0,1,0
32.88,41.62,18.5,25.33,63.18,9.11,9.63,Cowpea,1.244,1,0,1,0
14.34,57.38,16.87,30.54,59.97,4.61,59.69,Cowpea,1.929,1,0,1,0
37.36,53.66,19.45,30.38,40.59,7.12,21.08,Cowpea,0.255,0,0,1,0
16.51,38.81,23.36,24.02,53.77,7.21,25.67,Cowpea,1.244,1,0,1,0
33.46,51.31,15.87,28.7,61.15,9.94,5.79,Cowpea,0.252,0,0,1,0
4.06,53.99,21.86,29.34,49.0,8.91,2.08,Cowpea,1.655,1,0,1,0
22.36,53.71,16.86,27.97,61.35,8.64,6.87,Cowpea,0.599,0,0,1,0
32.95,46.12,16.0,24.87,48.28,8.62,24.45,Cowpea,1.33,1,0,1,0
1.88,48.6,17.07,25.88,45.96,5.84,25.94,Cowpea,0.796,1,0,1,0
15.71,53.27,22.45,31.02,49.98,3.53,13.73,Cowpea,0.431,0,0,1,0
57.85,83.49,14.66,29.48,63.2,7.45,9.47,Blackgram,0.518,0,0,1,0
27.42,56.71,22.62,26.73,68.14,7.04,24.14,Blackgram,0.308,1,0,1,0
39.43,56.48,22.6,26.27,62.29,7.42,63.93,Blackgram,1.653,1,0,1,0
41.51,75.61,25.19,34.04,67.21,6.5,24.32,Blackgram,0.41,0,0,1,0
48.08,61.37,16.96,28.04,65.07,6.81,22.8,Blackgram,0.804,0,0,1,0
50.45,58.55,16.93,28.81,65.34,7.58,54.43,Blackgram,1.257,0,0,1,0
37.78,73.53,20.53,34.04,64.29,7.74,3.64,Blackgram,0.859,1,0,1,0
28.63,58.04,21.96,33.86,61.57,6.57,15.47,Blackgram,0.737,1,0,1,0
24.34,70.08,22.46,32.84,68.68,7.54,8.29,Blackgram,1.385,1,0,1,0
50.95,71.51,17.99,27.1,63.36,6.54,20.86,Blackgram,1.596,1,0,1,0
42.04,79.92,23.99,25.66,61.18,7.22,88.94,Blackgram,1.53,1,0,1,0
53.09,64.61,25.41,32.35,66.61,7.55,170.67,Blackgram,0.851,1,0,1,0
52.22,58.73,17.68,29.59,68.32,6.93,7.33,Blackgram,0.997,1,0,1,0
53.94,62.34,21.67,30.91,68.79,7.75,6.42,Blackgram,1.065,0,0,1,0
48.52,52.77,17.65,28.13,64.21,6.71,3.43,Blackgram,1.828,1,0,1,0
37.66,64.36,15.4,30.09,69.35,6.67,76.36,Blackgram,1.594,1,0,1,0
61.83,55.66,17.37,31.74,62.51,7.33,3.48,Blackgram,1.044,0,0,1,0
45.27,53.47,22.04,27.81,62.5,7.6,186.36,Blackgram,0.443,1,0,1,0
27.2,68.22,27.47,32.89,64.59,7.71,2.04,Blackgram,1.133,1,0,1,0
19.27,62.47,17.36,29.36,64.99,7.37,8.72,Blackgram,1.523,0,0,1,0
53.9,77.13,13.82,27.83,67.59,6.92,92.85,Blackgram,0.568,1,0,1,0
26.68,69.38,22.34,28.5,60.45,7.19,42.19,Blackgram,0.418,1,0,1,0
51.07,67.66,15.79,27.74,68.54,7.08,52.85,Blackgram,1.023,1,0,1,0
43.77,64.43,16.51,30.42,67.66,6.74,6.47,Blackgram,1.342,0,0,1,0
19.37,57.37,26.67,27.33,69.09,6.73,15.34,Blackgram,1.914,1,0,1,0
46.23,61.62,20.5,30.28,61.69,6.63,1.1,Blackgram,1.687,0,0,1,0
53.11,61.67,22.81,28.57,61.53,7.13,1.71,Blackgram,1.741,0,0,1,0
46.75,55.86,13.79,25.37,66.64,7.54,195.08,Blackgram,1.048,1,0,1,0
32.95,61.32,18.25,34.95,65.27,7.16,4.15,Blackgram,0.207,1,0,1,0
21.45,68.85,23.47,25.1,67.73,6.86,102.1,Blackgram,0.879,1,0,1,0
19.17,64.99,17.33,32.48,64.35,7.4,31.31,Blackgram,1.747,0,0,1,0
22.71,69.02,19.69,33.86,68.59,6.88,42.8,Blackgram,1.184,0,0,1,0
41.63,83.24,20.07,25.2,60.37,6.58,3.49,Blackgram,0.354,1,0,1,0
50.57,68.94,15.99,31.78,69.02,7.3,43.57,Blackgram,0.342,1,0,1,0
42.82,58.42,22.69,34.9,63.6,6.97,80.29,Blackgram,1.248,1,0,1,0
26.64,80.17,17.75,31.74,68.64,7.24,176.09,Blackgram,0.819,0,0,1,0
21.1,75.82,17.81,27.16,66.76,6.92,9.22,Blackgram,1.77,0,0,1,0
53.11,59.87,16.85,26.24,67.89,7.5,24.54,Blackgram,0.469,0,0,1,0
55.78,76.07,15.97,30.2,60.07,7.15,1.13,Blackgram,1.943,1,0,1,0
44.25,73.98,14.43,31.56,67.84,7.14,5.76,Blackgram,1.481,1,0,1,0
22.43,84.05,18.24,29.68,69.09,6.81,15.45,Blackgram,1.386,1,0,1,0
46.46,80.84,19.13,27.05,67.7,7.39,24.27,Blackgram,0.517,1,0,1,0
29.16,62.34,19.46,34.64,61.39,7.7,67.63,Blackgram,1.266,1,0,1,0
57.35,82.19,20.89,33.39,62.94,6.6,105.4,Blackgram,0.379,0,0,1,0
47.86,68.95,23.56,28.84,63.37,6.73,8.15,Blackgram,1.49,1,0,1,0
32.42,80.94,19.52,31.49,63.06,6.52,40.32,Blackgram,1.382,1,0,1,0
19.7,70.38,24.6,25.55,63.95,7.71,44.47,Blackgram,0.381,0,0,1,0
51.53,60.65,16.38,34.37,69.69,6.6,66.95,Blackgram,1.08,0,0,1,0
21.24,74.78,14.79,34.6,63.11,7.4,29.3,Blackgram,1.728,1,0,1,0
54.4,74.81,16.32,29.43,64.94,7.52,7.0,Blackgram,0.585,1,0,1,0
23.55,67.11,14.61,29.11,67.91,7.18,68.92,Blackgram,0.655,1,0,1,0
34.36,77.13,21.14,28.57,65.72,6.59,3.78,Blackgram,0.673,1,0,1,0
38.4,81.15,19.63,27.54,69.35,7.14,38.07,Blackgram,1.878,1,0,1,0
33.67,81.74,22.94,33.05,68.94,6.69,22.4,Blackgram,0.52,0,0,1,0
23.32,56.5,20.26,33.95,69.96,7.42,5.67,Blackgram,0.684,1,0,1,0
20.2,70.99,17.48,30.12,60.12,6.58,6.1,Blackgram,0.324,1,0,1,0
42.63,73.1,19.44,29.58,66.18,7.5,2.38,Blackgram,0.481,0,0,1,0
46.43,78.46,21.13,27.26,68.01,7.78,8.14,Blackgram,0.328,0,0,1,0
33.37,57.48,14.91,31.36,64.25,7.32,74.19,Blackgram,1.943,1,0,1,0
19.97,72.0,15.94,31.52,66.56,7.58,9.76,Blackgram,1.904,1,0,1,0
26.2,71.35,19.59,29.4,64.26,7.11,37.89,Blackgram,0.704,1,0,1,0
39.39,66.94,15.19,29.38,64.15,7.36,7.81,Blackgram,1.156,1,0,1,0
30.6,71.31,23.25,28.39,61.89,7.41,91.68,Blackgram,0.364,0,0,1,0
32.61,58.91,14.35,28.47,63.54,6.5,9.06,Blackgram,0.432,1,0,1,0
52.23,60.76,17.16,30.64,61.15,7.17,26.7,Blackgram,1.328,1,0,1,0
53.15,74.69,24.59,25.26,61.37,7.26,6.34,Blackgram,1.999,1,0,1,0
30.86,71.46,20.45,32.97,60.18,7.59,35.21,Blackgram,1.896,1,0,1,0
52.38,70.13,15.18,33.67,66.6,7.53,7.34,Blackgram,1.073,1,0,1,0
25.08,52.28,19.65,32.84,68.0,7.25,8.72,Blackgram,1.032,1,0,1,0
42.03,58.29,24.37,27.46,62.9,6.51,3.18,Blackgram,0.636,1,0,1,0
38.4,61.32,15.56,25.69,69.84,7.12,68.73,Blackgram,0.215,0,0,1,0
47.34,78.83,21.37,30.03,64.15,7.57,24.35,Blackgram,1.993,1,0,1,0
20.15,73.12,19.97,28.21,68.27,7.35,52.46,Blackgram,1.539,0,0,1,0
59.41,73.22,15.45,28.27,61.19,7.51,2.57,Blackgram,1.987,1,0,1,0
29.39,77.63,15.77,28.54,64.2,7.03,73.95,Blackgram,0.272,0,0,1,0
41.33,55.49,21.23,26.87,61.61,6.8,41.58,Blackgram,0.994,1,0,1,0
56.13,63.59,14.16,32.8,68.78,7.16,11.07,Blackgram,1.137,1,0,1,0
40.29,59.07,14.84,26.42,64.51,7.34,7.67,Blackgram,0.531,1,0,1,0
31.48,64.9,22.57,29.79,63.39,6.62,5.75,Blackgram,1.593,1,0,1,0
50.46,63.62,16.78,27.44,67.1,6.66,36.83,Blackgram,1.684,1,0,1,0
42.69,67.28,18.03,34.13,65.15,7.73,8.39,Blackgram,1.703,0,0,1,0
56.41,62.91,15.24,30.95,64.23,7.4,4.62,Blackgram,1.976,1,0,1,0
42.02,78.3,16.44,28.76,61.03,6.6,64.15,Blackgram,1.48,0,0,1,0
57.89,79.49,16.07,27.25,66.1,7.04,170.05,Blackgram,1.921,1,0,1,0
27.2,65.68,22.24,28.63,66.77,7.35,18.72,Blackgram,0.407,1,0,1,0
24.36,57.66,18.01,26.42,63.65,7.03,39.34,Blackgram,1.318,0,0,1,0
51.05,61.09,21.23,32.82,66.16,6.81,6.71,Blackgram,1.339,0,0,1,0
45.73,54.55,23.83,29.63,65.91,7.42,6.71,Blackgram,0.78,1,0,1,0
22.02,63.73,22.58,33.49,62.73,6.85,12.32,Blackgram,0.853,1,0,1,0
61.35,53.58,20.61,31.87,66.74,7.19,30.06,Blackgram,1.388,0,0,1,0
31.69,78.24,20.19,30.33,65.63,7.01,2.27,Blackgram,1.559,0,0,1,0
61.65,54.74,17.96,28.55,66.31,7.37,2.13,Blackgram,1.838,0,0,1,0
27.53,60.8,18.23,30.03,67.89,7.26,41.54,Blackgram,1.817,1,0,1,0
54.79,64.93,16.41,31.66,60.13,6.53,51.0,Blackgram,0.623,0,0,1,0
28.81,71.14,16.11,30.33,63.55,6.87,19.91,Blackgram,1.643,0,0,1,0
58.69,79.33,15.01,33.37,65.68,6.87,5.86,Blackgram,1.766,1,0,1,0
60.23,70.02,23.84,31.43,62.99,7.76,35.83,Blackgram,0.459,1,0,1,0
43.86,76.73,22.53,27.72,63.29,6.78,57.17,Blackgram,1.054,0,0,1,0
46.96,71.01,21.63,32.64,61.3,7.33,11.94,Blackgram,0.298,0,0,1,0
34.2,67.86,26.21,32.75,67.78,7.45,1.39,Blackgram,0.857,1,0,1,0
29.9,71.95,15.41,28.05,63.5,7.6,13.1,Cowpea,1.738,0,0,1,0
13.62,65.19,22.33,19.44,63.28,7.73,2.27,Cowpea,1.273,1,0,1,0
35.95,54.31,18.01,29.85,60.64,7.49,103.57,Cowpea,0.313,1,0,1,0
10.83,68.51,15.67,21.36,69.92,6.63,72.88,Cowpea,1.45,1,0,1,0
40.14,76.22,16.35,26.29,68.52,7.32,67.83,Cowpea,1.636,1,0,1,0
26.66,72.67,16.27,22.17,62.14,6.41,81.78,Cowpea,1.925,0,0,1,0
2.16,65.05,19.1,26.58,60.98,7.84,92.17,Cowpea,1.27,1,0,1,0
6.28,55.31,19.3,26.59,66.14,6.14,4.51,Cowpea,0.537,0,0,1,0
13.19,62.77,21.11,19.13,62.58,6.59,8.04,Cowpea,0.584,1,0,1,0
8.8,52.6,16.52,28.75,69.16,7.29,36.04,Cowpea,1.906,1,0,1,0
6.25,71.14,18.91,25.79,60.28,6.06,6.21,Cowpea,1.591,1,0,1,0
1.87,77.24,22.35,23.89,61.79,6.66,9.73,Cowpea,1.806,0,0,1,0
3.14,71.12,23.84,28.67,63.19,7.3,166.41,Cowpea,0.654,1,0,1,0
28.63,80.03,24.65,28.42,61.77,7.82,10.61,Cowpea,1.057,0,0,1,0
37.54,84.69,16.21,21.35,62.6,5.93,9.81,Cowpea,0.534,0,0,1,0
37.04,84.15,15.97,21.13,63.19,6.4,1.2,Cowpea,0.927,1,0,1,0
33.9,63.2,21.03,24.02,61.62,7.4,85.82,Cowpea,0.396,1,0,1,0
30.22,59.68,23.1,25.4,65.86,7.72,34.25,Cowpea,1.734,1,0,1,0
22.14,72.54,22.67,29.03,64.49,7.48,36.2,Cowpea,0.289,1,0,1,0
3.0,76.85,17.96,20.21,68.65,6.89,65.43,Cowpea,1.958,0,0,1,0
3.79,74.35,14.79,29.2,68.02,7.44,79.37,Cowpea,0.707,0,0,1,0
12.28,59.16,24.78,18.3,69.69,7.63,58.81,Cowpea,1.448,0,0,1,0
11.48,67.52,18.84,27.41,63.42,7.34,8.58,Cowpea,1.344,0,0,1,0
4.16,59.45,19.73,24.84,60.09,6.75,48.29,Cowpea,1.872,0,0,1,0
9.81,58.12,19.03,29.94,67.31,7.52,4.47,Cowpea,1.745,0,0,1,0
16.88,67.14,24.12,25.88,67.55,6.35,31.49,Cowpea,1.061,1,0,1,0
29.4,54.87,16.31,20.05,65.84,7.14,51.72,Cowpea,1.512,0,0,1,0
6.42,77.19,15.25,22.99,66.71,7.67,9.86,Cowpea,1.231,1,0,1,0
14.0,82.7,20.53,25.13,66.93,7.4,48.04,Cowpea,0.35,0,0,1,0
0.0,65.21,25.11,28.5,62.45,7.84,128.17,Cowpea,1.588,0,0,1,0
27.79,77.01,20.53,18.29,69.49,6.25,2.83,Cowpea,0.374,1,0,1,0
2.91,57.8,14.46,24.38,61.18,6.87,34.46,Cowpea,1.147,0,0,1,0
1.81,80.95,24.63,21.32,66.44,7.32,55.97,Cowpea,0.872,1,0,1,0
10.08,82.6,18.07,18.54,62.71,6.3,8.77,Cowpea,0.975,1,0,1,0
13.97,66.66,25.4,25.29,60.86,7.24,2.9,Cowpea,1.677,0,0,1,0
37.17,60.56,22.21,25.43,69.13,7.69,34.84,Cowpea,0.866,0,0,1,0
20.08,65.82,15.61,28.84,69.76,6.89,41.4,Cowpea,1.378,1,0,1,0
19.16,60.67,22.84,27.38,63.94,6.16,146.57,Cowpea,1.142,0,0,1,0
29.94,61.38,15.64,28.32,60.19,6.17,6.82,Cowpea,1.833,1,0,1,0
27.72,60.83,26.65,27.48,62.05,6.86,80.91,Cowpea,0.435,0,0,1,0
5.1,70.82,18.44,18.28,68.1,6.98,65.49,Cowpea,0.702,0,0,1,0
16.5,65.29,17.79,27.61,69.3,7.04,13.03,Cowpea,1.324,1,0,1,0
36.76,63.25,20.75,23.44,63.22,5.94,5.95,Cowpea,1.911,0,0,1,0
14.45,68.0,20.1,20.96,63.68,7.24,2.81,Cowpea,0.427,0,0,1,0
20.85,49.87,15.45,23.79,68.03,6.52,173.92,Cowpea,1.797,1,0,1,0
22.11,66.44,15.37,22.64,65.45,6.23,49.49,Cowpea,0.976,0,0,1,0
1.91,86.32,13.8,21.54,65.47,7.51,17.96,Cowpea,0.737,1,0,1,0
23.89,66.37,16.83,29.88,65.73,6.95,4.74,Cowpea,1.714,1,0,1,0
29.21,59.81,13.7,25.27,67.1,6.96,188.4,Cowpea,0.881,0,0,1,0
25.5,67.17,14.94,25.18,68.93,6.55,47.79,Cowpea,1.151,0,0,1,0
12.96,76.47,27.26,24.12,61.1,6.46,9.57,Cowpea,0.388,0,0,1,0
5.83,60.24,23.31,23.34,67.4,7.07,45.37,Cowpea,0.436,1,0,1,0
12.04,62.96,23.54,21.75,63.4,6.77,192.55,Cowpea,1.034,1,0,1,0
32.8,83.63,22.86,27.6,63.46,5.92,7.42,Cowpea,1.596,1,0,1,0
5.81,66.79,18.34,24.39,62.5,6.71,184.03,Cowpea,1.176,1,0,1,0
10.29,86.45,21.41,24.98,66.9,6.38,2.31,Cowpea,0.566,1,0,1,0
40.94,81.92,24.08,28.23,69.32,6.31,142.1,Cowpea,0.372,0,0,1,0
16.2,76.39,16.5,26.03,69.56,7.39,122.84,Cowpea,1.875,1,0,1,0
27.46,66.67,24.9,28.05,64.08,7.5,3.5,Cowpea,1.695,1,0,1,0
21.13,70.35,15.73,24.87,64.0,7.2,43.47,Cowpea,1.531,0,0,1,0
34.4,81.97,20.56,23.97,62.36,7.01,32.59,Cowpea,1.177,1,0,1,0
20.16,76.55,19.11,20.06,67.76,6.68,49.89,Cowpea,1.319,0,0,1,0
23.46,56.56,19.0,19.59,61.29,6.74,17.9,Cowpea,0.273,0,0,1,0
25.76,75.67,17.44,29.77,66.29,6.55,8.35,Cowpea,0.274,1,0,1,0
1.03,66.67,19.54,27.52,60.54,6.55,1.02,Cowpea,1.282,1,0,1,0
12.78,70.24,24.57,25.63,63.15,6.59,48.78,Cowpea,1.919,0,0,1,0
36.06,69.49,18.6,20.39,60.48,6.92,6.19,Cowpea,1.878,0,0,1,0
30.47,64.79,19.6,25.39,60.5,7.44,5.46,Cowpea,1.041,1,0,1,0
12.43,78.01,17.25,24.91,60.71,7.14,99.48,Cowpea,1.284,1,0,1,0
21.56,61.63,15.02,27.7,63.21,7.75,4.33,Cowpea,0.786,0,0,1,0
28.47,67.15,21.95,18.06,65.1,6.3,46.43,Cowpea,0.877,1,0,1,0
17.19,62.43,14.61,18.13,62.46,6.08,36.48,Cowpea,0.516,1,0,1,0
14.71,62.55,21.37,23.83,67.9,6.77,63.66,Cowpea,0.656,0,0,1,0
34.09,55.86,17.35,23.19,62.75,7.64,79.1,Cowpea,1.173,0,0,1,0
21.35,66.68,18.61,25.09,68.18,6.56,7.01,Cowpea,1.691,1,0,1,0
0.0,63.54,21.5,25.87,61.88,7.07,72.28,Cowpea,1.054,0,0,1,0
10.51,75.85,16.02,18.44,68.05,7.73,2.79,Cowpea,0.411,1,0,1,0
28.83,59.34,18.89,27.15,67.03,6.16,9.43,Cowpea,0.635,1,0,1,0
0.0,71.36,16.1,23.33,64.51,7.24,37.74,Cowpea,1.276,0,0,1,0
38.14,78.28,21.4,26.72,62.97,6.9,98.67,Cowpea,1.202,1,0,1,0
7.43,59.06,21.88,19.56,64.45,6.82,4.37,Cowpea,0.944,1,0,1,0
8.81,57.95,15.96,26.14,66.77,6.26,21.77,Cowpea,1.839,1,0,1,0
14.51,79.48,16.23,28.0,65.58,6.49,11.4,Cowpea,0.352,0,0,1,0
14.78,77.75,19.84,29.06,62.11,7.04,57.67,Cowpea,0.987,1,0,1,0
39.32,66.7,17.44,25.71,64.11,7.69,5.63,Cowpea,1.88,1,0,1,0
29.09,66.28,19.07,21.8,63.73,6.25,7.74,Cowpea,1.439,0,0,1,0
25.44,80.48,15.81,24.71,60.27,6.05,7.27,Cowpea,0.423,1,0,1,0
37.8,58.51,22.14,20.95,65.81,7.0,5.72,Cowpea,1.849,0,0,1,0
10.55,74.54,17.58,24.85,68.98,7.27,7.76,Cowpea,0.483,1,0,1,0
12.27,79.7,18.28,21.91,65.22,5.96,40.89,Cowpea,0.315,1,0,1,0
36.24,69.49,21.21,25.93,68.71,7.08,52.6,Cowpea,0.455,1,0,1,0
0.0,66.0,21.15,29.82,69.41,6.59,26.91,Cowpea,0.944,0,0,1,0
6.77,71.87,27.34,27.52,63.13,7.29,7.68,Cowpea,0.483,0,0,1,0
9.73,54.04,16.32,28.0,68.64,7.33,5.59,Cowpea,0.708,1,0,1,0
42.48,66.33,14.95,20.77,63.9,6.37,9.76,Cowpea,1.669,1,0,1,0
27.59,53.63,21.42,23.05,60.42,7.01,70.1,Cowpea,0.578,0,0,1,0
8.28,82.65,17.64,21.66,63.58,6.28,19.83,Cowpea,1.96,1,0,1,0
3.92,63.89,17.53,26.25,67.63,7.62,69.42,Cowpea,1.134,0,0,1,0
33.83,70.7,13.53,20.97,63.83,7.63,20.45,Cowpea,0.405,1,0,1,0
36.06,76.12,13.96,23.9,66.32,7.8,3.33,Cowpea,1.906,0,0,1,0
2.15,24.06,37.9,24.56,91.64,5.92,5.03,Pomegranate,0.366,1,0,0,1
6.75,21.53,39.93,19.66,89.94,5.94,29.29,Pomegranate,0.102,0,0,0,1
6.55,24.23,42.65,18.78,87.4,6.8,4.01,Pomegranate,0.766,1,0,0,1
41.42,18.76,45.77,24.15,94.51,6.42,20.69,Pomegranate,0.587,0,0,0,1
0.0,26.73,41.73,22.45,89.9,6.74,144.24,Pomegranate,0.309,1,0,0,1
33.09,23.84,35.46,24.96,92.41,6.5,45.35,Pomegranate,0.372,1,0,0,1
19.35,24.19,44.61,22.55,89.33,6.33,25.89,Pomegranate,0.655,1,0,0,1
5.83,26.3,38.95,22.77,91.45,6.36,89.45,Pomegranate,0.598,0,0,0,1
25.93,29.95,47.34,19.2,94.28,6.92,1.49,Pomegranate,0.281,0,0,0,1
16.99,12.95,43.03,23.13,92.68,6.63,8.26,Pomegranate,0.349,1,0,0,1
16.41,4.41,39.54,24.93,85.19,5.83,5.97,Pomegranate,0.978,1,0,0,1
16.2,11.1,44.24,24.77,85.64,6.74,26.58,Pomegranate,0.742,0,0,0,1
33.37,7.98,38.0,19.87,86.36,5.78,4.2,Pomegranate,0.621,1,0,0,1
4.52,23.08,36.97,24.27,93.8,6.54,27.49,Pomegranate,0.574,0,0,0,1
23.51,21.98,45.38,23.63,89.73,6.15,16.33,Pomegranate,0.559,1,0,0,1
13.25,14.11,35.14,19.68,89.09,6.89,40.91,Pomegranate,0.486,0,0,0,1
16.63,27.29,47.52,22.37,92.31,7.18,7.67,Pomegranate,0.826,1,0,0,1
11.83,20.49,41.08,21.58,94.88,5.94,107.06,Pomegranate,0.66,0,0,0,1
4.46,14.24,43.93,18.26,88.17,5.71,15.12,Pomegranate,0.842,1,0,0,1
19.47,26.88,47.53,23.71,89.62,6.18,106.68,Pomegranate,0.329,0,0,0,1
10.53,8.5,40.2,22.49,89.92,6.55,47.1,Pomegranate,0.732,1,0,0,1
33.13,30.99,52.79,21.66,94.79,5.89,96.32,Pomegranate,0.943,0,0,0,1
22.6,24.62,39.28,20.13,89.32,6.14,75.18,Pomegranate,0.559,1,0,0,1
9.54,13.0,44.83,18.41,91.12,6.1,7.69,Pomegranate,0.896,1,0,0,1
13.84,24.43,43.73,19.68,89.75,6.59,188.12,Pomegranate,0.69,1,0,0,1
0.0,14.47,49.83,23.2,91.19,6.86,2.86,Pomegranate,0.401,1,0,0,1
1.95,22.09,44.86,18.92,87.31,6.57,1.16,Pomegranate,0.95,0,0,0,1
30.96,6.31,42.37,22.11,91.34,6.77,91.81,Pomegranate,0.6,0,0,0,1
8.4,25.72,41.91,18.47,89.69,7.13,75.69,Pomegranate,0.611,1,0,0,1
31.58,13.94,39.92,19.81,88.93,5.74,5.28,Pomegranate,0.469,0,0,0,1
17.97,16.56,45.41,24.49,90.84,5.84,179.18,Pomegranate,0.258,1,0,0,1
35.84,21.79,44.67,18.76,89.93,6.65,69.75,Pomegranate,0.835,0,0,0,1
24.1,24.45,39.65,19.54,90.3,6.9,19.78,Pomegranate,0.201,1,0,0,1
20.76,15.65,46.84,18.91,87.75,6.61,4.38,Pomegranate,0.776,0,0,0,1
8.74,24.28,39.29,19.91,94.95,6.83,26.46,Pomegranate,0.498,0,0,0,1
27.04,16.0,47.55,19.73,89.65,6.91,3.86,Pomegranate,0.359,1,0,0,1
3.98,20.47,44.78,23.83,87.84,6.31,103.15,Pomegranate,0.141,1,0,0,1
40.83,25.89,34.0,24.94,94.26,7.01,36.45,Pomegranate,0.314,1,0,0,1
4.71,26.5,35.24,24.69,93.87,6.3,141.91,Pomegranate,0.377,0,0,0,1
21.91,14.38,40.09,24.72,85.56,6.73,7.97,Pomegranate,0.553,1,0,0,1
32.54,24.52,32.27,20.13,87.6,6.97,7.55,Pomegranate,0.204,1,0,0,1
4.72,24.61,37.87,21.02,93.06,5.58,46.43,Pomegranate,0.207,0,0,0,1
3.42,24.18,47.5,22.4,88.15,7.2,4.99,Pomegranate,0.434,0,0,0,1
30.98,19.34,35.07,20.34,89.38,5.84,67.07,Pomegranate,0.267,0,0,0,1
37.25,11.8,36.26,24.25,85.56,6.71,43.47,Pomegranate,0.708,1,0,0,1
7.66,28.95,40.75,24.82,91.91,5.97,49.32,Pomegranate,0.36,1,0,0,1
26.11,22.73,38.68,19.66,87.95,5.56,36.96,Pomegranate,0.376,0,0,0,1
5.03,21.84,35.95,22.43,90.34,6.11,24.97,Pomegranate,0.164,0,0,0,1
25.51,26.48,39.73,22.92,85.13,6.99,1.99,Pomegranate,0.646,1,0,0,1
3.88,16.7,42.38,22.92,85.41,7.13,69.34,Pomegranate,0.239,0,0,0,1
19.33,5.92,43.64,24.88,89.4,7.09,3.95,Pomegranate,0.342,0,0,0,1
32.93,21.13,51.12,23.41,93.13,6.75,39.33,Pomegranate,0.81,1,0,0,1
21.79,5.03,38.21,21.21,94.26,7.16,66.92,Pomegranate,0.937,1,0,0,1
15.39,7.61,35.86,18.2,91.12,7.01,17.01,Pomegranate,0.934,0,0,0,1
4.54,11.19,36.7,22.34,89.79,5.65,8.4,Pomegranate,0.812,0,0,0,1
22.84,24.13,46.07,24.33,90.88,6.61,24.92,Pomegranate,0.932,0,0,0,1
6.41,26.22,30.88,19.75,88.72,7.05,3.76,Pomegranate,0.22,0,0,0,1
11.01,19.97,42.01,19.86,86.2,6.03,25.25,Pomegranate,0.822,1,0,0,1
4.12,21.18,35.45,18.07,93.15,5.78,153.43,Pomegranate,0.421,0,0,0,1
3.33,10.08,39.46,23.89,89.62,6.54,7.79,Pomegranate,0.854,1,0,0,1
1.17,28.45,34.53,23.99,93.34,5.68,154.7,Pomegranate,0.405,1,0,0,1
19.56,25.96,36.4,20.94,85.43,6.12,4.33,Pomegranate,0.824,1,0,0,1
23.29,22.99,43.6,20.82,87.23,7.0,98.5,Pomegranate,0.901,1,0,0,1
12.38,27.4,34.83,20.86,91.62,6.28,53.84,Pomegranate,0.375,0,0,0,1
34.03,13.13,50.4,24.46,86.11,6.32,78.21,Pomegranate,0.483,1,0,0,1
17.31,7.35,39.95,24.51,90.64,5.96,79.58,Pomegranate,0.919,0,0,0,1
2.51,29.59,44.59,24.57,92.03,6.59,8.35,Pomegranate,0.679,0,0,0,1
34.18,26.3,35.45,24.63,89.02,7.1,78.43,Pomegranate,0.681,1,0,0,1
16.61,27.96,37.32,20.07,90.98,6.41,78.82,Pomegranate,0.288,1,0,0,1
37.04,16.01,33.69,21.81,94.64,6.66,55.82,Pomegranate,0.568,0,0,0,1
36.09,9.33,35.9,22.81,86.34,6.28,31.5,Pomegranate,0.342,1,0,0,1
37.08,15.53,35.35,22.73,88.49,6.83,61.04,Pomegranate,0.747,1,0,0,1
20.35,21.83,35.9,23.28,94.94,6.37,3.67,Pomegranate,0.323,1,0,0,1
9.59,20.23,42.31,19.3,87.18,7.01,65.5,Pomegranate,0.82,0,0,0,1
17.96,6.32,40.3,19.01,88.84,6.9,2.9,Pomegranate,0.236,0,0,0,1
0.0,4.07,41.5,24.35,90.89,6.15,1.17,Pomegranate,0.45,1,0,0,1
25.23,7.75,41.33,24.72,88.88,5.74,192.74,Pomegranate,0.948,1,0,0,1
14.94,9.04,47.02,21.93,94.46,7.05,18.58,Pomegranate,0.586,1,0,0,1
27.97,11.35,40.92,24.84,86.89,6.03,127.01,Pomegranate,0.149,1,0,0,1
45.76,14.71,42.77,18.1,90.42,6.92,64.35,Pomegranate,0.228,0,0,0,1
8.6,5.58,36.25,20.24,91.09,6.89,7.63,Pomegranate,0.982,1,0,0,1
8.58,23.72,35.9,23.23,94.43,6.84,45.91,Pomegranate,0.979,1,0,0,1
28.55,11.74,48.39,23.5,92.98,5.79,21.8,Pomegranate,0.828,1,0,0,1
15.93,9.75,33.25,19.45,89.02,5.63,49.49,Pomegranate,0.681,0,0,0,1
23.22,25.5,47.95,20.51,92.52,5.7,53.38,Pomegranate,0.666,1,0,0,1
42.21,28.69,32.8,18.9,95.0,5.57,59.55,Pomegranate,0.493,0,0,0,1
23.97,5.76,51.18,18.91,89.24,6.08,8.17,Pomegranate,0.185,1,0,0,1
9.84,11.34,50.05,22.63,88.46,6.4,8.69,Pomegranate,0.944,0,0,0,1
35.16,20.43,40.1,19.39,86.79,5.77,2.2,Pomegranate,0.66,0,0,0,1
3.33,26.99,33.97,24.38,91.19,7.08,3.9,Pomegranate,0.629,1,0,0,1
9.31,13.68,30.2,23.78,92.93,5.89,82.39,Pomegranate,0.149,0,0,0,1
29.39,16.66,40.71,22.6,93.16,7.06,119.65,Pomegranate,0.802,0,0,0,1
38.7,10.31,34.29,24.38,85.4,5.78,9.29,Pomegranate,0.933,0,0,0,1
37.99,25.7,35.71,20.89,91.08,6.27,3.9,Pomegranate,0.561,1,0,0,1
27.27,24.21,31.69,18.1,85.71,5.89,18.49,Pomegranate,0.487,0,0,0,1
36.98,27.05,50.11,20.0,85.84,7.12,95.05,Pomegranate,0.55,1,0,0,1
3.71,12.03,45.99,19.85,89.81,6.43,34.34,Pomegranate,0.628,0,0,0,1
15.24,17.67,36.63,21.25,92.65,7.16,62.58,Pomegranate,0.842,1,0,0,1
38.85,20.22,34.89,23.65,93.33,6.43,27.84,Pomegranate,0.261,1,0,0,1
7.24,33.34,33.12,23.88,86.21,6.08,81.41,Pomegranate,0.168,1,0,0,1
97.2,102.07,48.28,29.37,76.25,6.15,73.78,Banana,0.446,1,0,0,1
113.29,100.6,58.28,27.33,83.68,5.85,78.5,Banana,0.532,0,0,0,1
109.59,87.61,50.36,27.4,82.96,6.28,39.1,Banana,0.376,1,0,0,1
94.88,72.28,46.0,29.32,80.12,5.93,41.2,Banana,0.12,1,0,0,1
66.87,82.25,46.75,26.05,79.4,5.52,96.85,Banana,0.362,1,0,0,1
78.2,76.07,49.8,25.87,84.42,6.08,4.54,Banana,0.356,0,0,0,1
83.79,77.49,52.23,27.01,80.19,6.13,15.33,Banana,0.698,1,0,0,1
105.51,91.35,61.61,29.55,78.07,5.81,51.48,Banana,0.857,1,0,0,1
106.54,81.3,44.83,26.29,83.39,5.89,44.44,Banana,0.914,0,0,0,1
94.98,73.19,57.07,29.16,76.16,5.82,18.71,Banana,0.17,1,0,0,1
132.94,88.89,44.09,28.65,82.69,5.84,14.08,Banana,0.697,1,0,0,1
114.72,70.08,46.55,29.07,76.5,6.38,14.07,Banana,0.615,1,0,0,1
107.5,76.42,41.38,28.08,75.26,5.62,39.15,Banana,0.215,1,0,0,1
114.55,70.29,63.48,27.2,78.81,5.92,6.23,Banana,0.627,0,0,0,1
73.17,112.71,53.26,28.05,78.05,6.46,6.59,Banana,0.514,1,0,0,1
98.29,83.86,48.24,25.15,83.35,5.57,4.69,Banana,0.674,1,0,0,1
80.25,76.18,44.84,25.94,78.34,6.21,96.04,Banana,0.834,1,0,0,1
108.55,73.07,41.01,27.67,79.69,6.49,38.31,Banana,0.453,0,0,0,1
119.8,86.16,36.64,25.57,75.94,5.59,98.15,Banana,0.263,1,0,0,1
95.46,96.29,49.96,28.7,82.54,6.23,4.59,Banana,0.128,1,0,0,1
99.91,92.57,53.08,26.34,76.85,6.19,4.57,Banana,0.319,1,0,0,1
108.36,74.37,42.4,25.94,78.9,5.92,53.65,Banana,0.722,1,0,0,1
78.87,76.73,42.93,25.14,84.88,6.2,43.48,Banana,0.359,0,0,0,1
73.12,76.71,45.95,27.51,80.8,6.16,80.99,Banana,0.526,0,0,0,1
91.22,71.05,52.49,26.21,82.34,6.31,1.98,Banana,0.656,1,0,0,1
80.31,85.11,45.38,29.1,79.2,6.32,8.11,Banana,0.245,1,0,0,1
122.16,87.55,38.84,29.24,77.32,5.71,63.38,Banana,0.671,1,0,0,1
110.7,70.29,45.56,25.56,77.38,6.12,7.64,Banana,0.666,1,0,0,1
106.13,91.26,42.78,26.4,81.36,5.57,66.05,Banana,0.493,1,0,0,1
98.23,88.4,49.96,28.1,77.8,5.63,2.33,Banana,0.51,1,0,0,1
97.28,104.0,45.62,27.85,83.31,6.1,4.85,Banana,0.191,1,0,0,1
90.03,69.37,58.75,27.39,81.47,6.44,86.96,Banana,0.496,1,0,0,1
120.56,74.84,53.84,25.15,81.38,6.1,1.64,Banana,0.707,1,0,0,1
87.41,71.19,47.83,28.65,79.29,5.7,79.98,Banana,0.303,1,0,0,1
89.34,87.72,41.26,29.16,76.67,5.62,162.17,Banana,0.542,1,0,0,1
102.15,76.78,44.06,27.57,82.06,6.44,1.45,Banana,0.155,1,0,0,1
139.58,90.61,41.92,25.41,82.36,6.18,3.38,Banana,0.744,0,0,0,1
96.22,66.68,53.0,25.99,83.34,6.22,4.7,Banana,0.433,0,0,0,1
83.95,58.51,57.75,26.29,81.06,5.87,7.9,Banana,0.64,0,0,0,1
95.21,76.36,42.57,29.15,78.71,6.39,26.89,Banana,0.401,1,0,0,1
71.3,93.15,54.54,26.6,79.36,6.21,8.88,Banana,0.687,0,0,0,1
96.49,68.7,55.59,25.36,75.03,6.01,34.57,Banana,0.555,1,0,0,1
125.37,93.52,54.87,29.12,80.18,5.91,28.81,Banana,0.214,1,0,0,1
105.77,86.32,42.3,27.54,77.26,6.05,8.07,Banana,0.843,0,0,0,1
96.99,97.54,58.62,29.67,83.51,6.01,59.44,Banana,0.675,1,0,0,1
67.59,85.5,39.02,25.06,84.97,5.74,45.55,Banana,0.977,1,0,0,1
99.8,78.51,54.16,25.87,78.52,5.74,39.26,Banana,0.237,1,0,0,1
94.41,83.8,46.46,25.85,81.96,5.79,155.2,Banana,0.94,0,0,0,1
89.99,110.87,41.5,26.52,77.8,5.51,7.02,Banana,0.405,1,0,0,1
129.94,97.18,52.29,28.67,79.59,5.99,43.95,Banana,0.653,0,0,0,1
89.36,85.34,53.26,28.15,81.54,5.79,177.83,Banana,0.931,1,0,0,1
126.14,89.27,52.52,26.42,83.7,5.92,17.65,Banana,0.14,1,0,0,1
113.92,65.22,51.81,26.59,81.41,6.24,3.36,Banana,0.796,0,0,0,1
80.93,70.01,54.13,27.72,76.58,6.04,195.21,Banana,0.115,0,0,0,1
100.26,79.93,44.42,28.98,82.96,5.83,9.85,Banana,0.791,1,0,0,1
103.51,82.15,63.4,29.42,83.97,6.09,184.94,Banana,0.6,0,0,0,1
66.99,77.98,41.6,27.4,81.11,6.47,115.38,Banana,0.347,0,0,0,1
103.39,69.74,47.22,26.4,84.41,5.72,6.33,Banana,0.566,0,0,0,1
80.13,80.14,44.09,27.81,82.69,5.81,8.71,Banana,0.987,1,0,0,1
125.37,76.43,62.46,25.2,83.56,5.7,6.81,Banana,0.655,1,0,0,1
131.34,86.87,49.72,28.31,75.77,6.17,2.85,Banana,0.845,1,0,0,1
101.76,71.81,49.77,25.9,80.47,6.0,25.66,Banana,0.859,0,0,0,1
79.94,64.04,58.61,27.49,76.11,6.21,9.65,Banana,0.647,1,0,0,1
83.75,93.38,49.46,29.38,83.5,5.77,3.65,Banana,0.247,1,0,0,1
88.64,75.08,56.48,29.22,81.08,5.74,44.95,Banana,0.68,0,0,0,1
103.32,73.2,55.59,27.09,81.34,5.88,28.23,Banana,0.232,1,0,0,1
99.01,69.6,47.8,26.13,81.81,6.1,1.45,Banana,0.763,1,0,0,1
75.37,82.81,48.25,29.01,77.95,5.67,32.41,Banana,0.796,1,0,0,1
96.81,79.5,55.49,27.97,79.29,5.69,93.1,Banana,0.148,1,0,0,1
114.58,82.31,46.18,28.08,76.06,5.91,73.43,Banana,0.933,1,0,0,1
110.29,68.11,48.49,25.16,84.98,6.11,9.46,Banana,0.859,1,0,0,1
102.35,88.42,64.05,25.79,84.51,6.02,3.78,Banana,0.667,1,0,0,1
104.01,94.11,54.41,25.34,84.47,6.44,57.66,Banana,0.971,1,0,0,1
102.65,86.14,58.97,29.45,78.35,5.51,62.31,Banana,0.879,1,0,0,1
106.79,62.77,52.38,26.48,78.52,5.68,58.48,Banana,0.769,1,0,0,1
81.78,69.49,44.67,27.39,83.31,5.72,41.52,Banana,0.208,1,0,0,1
106.74,101.56,49.76,25.08,80.26,6.28,42.44,Banana,0.758,1,0,0,1
104.64,71.04,46.75,26.67,76.49,6.28,9.75,Banana,0.659,1,0,0,1
134.5,83.52,50.89,25.45,79.49,6.2,67.91,Banana,0.906,0,0,0,1
98.35,103.35,53.1,28.23,80.64,5.76,2.64,Banana,0.741,1,0,0,1
102.5,86.99,47.12,28.13,77.48,6.32,98.81,Banana,0.419,0,0,0,1
76.43,72.63,50.14,28.95,82.19,5.9,1.77,Banana,0.522,1,0,0,1
78.11,71.7,57.74,27.96,84.15,5.64,36.92,Banana,0.406,1,0,0,1
98.76,99.8,43.27,28.0,78.9,6.24,8.23,Banana,0.117,0,0,0,1
90.74,81.88,51.55,29.14,80.12,6.28,86.84,Banana,0.357,0,0,0,1
99.91,83.4,56.46,27.91,83.36,6.36,95.68,Banana,0.899,1,0,0,1
105.25,77.92,44.12,25.43,81.54,5.84,9.06,Banana,0.393,1,0,0,1
92.88,92.42,51.95,28.56,84.52,5.65,47.96,Banana,0.184,1,0,0,1
116.89,79.0,44.29,26.6,83.0,5.73,21.03,Banana,0.36,1,0,0,1
96.59,86.96,49.7,27.2,77.4,6.2,2.51,Banana,0.387,1,0,0,1
106.83,91.29,39.45,25.29,79.29,5.61,72.86,Banana,0.829,1,0,0,1
82.72,73.48,44.41,29.91,76.99,6.26,170.12,Banana,0.744,1,0,0,1
128.84,76.53,51.47,27.95,76.64,6.04,5.26,Banana,0.342,1,0,0,1
84.3,107.02,53.01,25.01,78.76,5.76,7.47,Banana,0.344,1,0,0,1
74.95,86.43,50.72,29.21,84.7,6.16,167.23,Banana,0.244,1,0,0,1
118.34,97.37,53.54,27.36,84.55,6.39,199.38,Banana,0.929,1,0,0,1
106.62,84.71,49.05,28.01,76.53,5.89,3.94,Banana,0.622,0,0,0,1
107.53,79.37,63.02,28.67,82.21,5.73,5.22,Banana,0.168,1,0,0,1
79.09,78.58,46.46,27.35,78.49,6.28,38.28,Banana,0.518,1,0,0,1
132.27,87.94,50.59,29.51,78.21,5.51,17.87,Banana,0.41,1,0,0,1
2.37,36.55,22.9,29.74,47.55,5.95,178.19,Mango,0.238,1,0,0,1
36.32,26.62,27.78,33.56,53.73,4.76,75.58,Mango,0.987,1,0,0,1
18.96,20.87,25.03,27.0,47.68,5.7,47.58,Mango,0.662,0,0,0,1
27.02,19.62,27.07,33.56,45.54,5.98,196.62,Mango,0.155,1,0,0,1
0.0,17.84,26.31,35.9,54.26,6.43,88.72,Mango,0.523,0,0,0,1
20.84,15.62,37.6,34.18,50.62,6.11,70.48,Mango,0.414,1,0,0,1
18.67,20.65,32.89,30.02,53.19,5.07,23.28,Mango,0.518,0,0,0,1
20.26,16.68,36.27,31.75,45.16,5.67,32.06,Mango,0.772,1,0,0,1
9.11,29.63,35.93,35.99,52.23,5.98,64.16,Mango,0.18,1,0,0,1
28.61,28.19,29.92,31.87,52.19,5.06,100.46,Mango,0.627,1,0,0,1
15.19,21.54,25.56,27.76,52.35,4.77,67.43,Mango,0.53,1,0,0,1
19.41,27.34,22.23,34.72,51.43,5.16,46.52,Mango,0.484,1,0,0,1
30.68,33.34,27.59,27.54,53.64,6.8,119.96,Mango,0.237,0,0,0,1
11.77,25.93,28.94,27.7,48.56,6.39,91.35,Mango,0.117,0,0,0,1
11.2,20.35,35.41,27.25,52.66,5.57,41.04,Mango,0.16,0,0,0,1
2.74,26.62,36.71,30.34,48.89,5.76,4.43,Mango,0.265,1,0,0,1
36.95,31.22,34.85,31.86,45.53,5.42,1.64,Mango,0.765,0,0,0,1
21.63,37.73,25.13,35.4,49.46,6.17,41.1,Mango,0.934,0,0,0,1
15.96,16.02,26.26,29.81,52.14,5.19,50.64,Mango,0.92,1,0,0,1
41.02,15.0,39.93,34.16,54.16,4.95,5.18,Mango,0.347,0,0,0,1
3.26,19.38,20.42,28.93,47.94,5.66,8.08,Mango,0.593,1,0,0,1
41.78,20.07,39.16,27.98,53.33,5.55,24.83,Mango,0.462,1,0,0,1
26.96,18.12,34.23,31.2,54.5,6.8,3.75,Mango,0.916,0,0,0,1
28.11,42.58,24.99,32.13,50.53,6.1,115.24,Mango,0.588,0,0,0,1
39.7,16.6,27.27,28.92,48.14,5.08,6.89,Mango,0.277,0,0,0,1
9.88,39.76,27.82,31.1,47.41,4.55,127.59,Mango,0.386,0,0,0,1
36.38,20.84,30.29,34.74,49.09,5.86,1.07,Mango,0.399,0,0,0,1
8.0,32.9,29.21,29.98,49.49,6.44,8.9,Mango,0.636,0,0,0,1
16.48,26.54,24.92,33.8,46.13,4.51,27.17,Mango,0.792,1,0,0,1
29.63,13.03,21.07,30.07,50.96,6.11,98.17,Mango,0.809,0,0,0,1
11.74,34.22,32.31,27.92,51.78,6.48,62.52,Mango,0.534,1,0,0,1
36.72,32.26,29.41,31.41,49.22,6.83,108.4,Mango,0.115,1,0,0,1
10.38,27.73,29.25,35.79,51.94,5.4,159.65,Mango,0.372,1,0,0,1
12.11,34.24,28.67,33.36,45.02,6.14,48.17,Mango,0.42,1,0,0,1
5.58,16.34,27.28,35.96,48.7,4.56,2.81,Mango,0.995,0,0,0,1
1.18,31.97,31.06,28.33,51.4,6.43,4.12,Mango,0.627,0,0,0,1
18.06,29.63,31.18,32.28,50.19,5.32,89.64,Mango,0.605,1,0,0,1
40.79,16.32,25.52,31.99,50.85,5.28,74.26,Mango,0.234,1,0,0,1
4.44,41.97,24.0,27.58,48.57,6.72,70.21,Mango,0.375,1,0,0,1
8.64,28.66,31.92,29.38,45.89,5.73,6.6,Mango,0.607,1,0,0,1
1.87,43.96,29.17,32.39,53.23,4.69,48.58,Mango,0.277,0,0,0,1
21.93,37.8,34.34,30.91,49.93,6.81,70.73,Mango,0.711,0,0,0,1
40.12,43.5,37.18,35.38,45.58,6.45,92.3,Mango,0.312,1,0,0,1
4.63,27.88,31.93,32.32,52.59,5.84,199.07,Mango,0.138,1,0,0,1
27.81,29.81,25.44,28.22,47.41,5.02,15.01,Mango,0.172,0,0,0,1
38.3,29.67,31.62,27.27,47.17,6.42,24.65,Mango,0.223,1,0,0,1
41.41,15.7,30.14,27.11,50.71,4.94,7.19,Mango,0.758,1,0,0,1
6.34,17.73,28.36,34.89,48.76,6.41,7.84,Mango,0.394,1,0,0,1
33.42,13.11,25.9,33.75,48.5,6.78,65.37,Mango,0.666,1,0,0,1
5.58,16.13,25.87,27.35,54.44,6.44,36.22,Mango,0.87,0,0,0,1
44.0,38.13,23.6,32.89,52.61,4.65,55.58,Mango,0.93,0,0,0,1
20.41,33.5,28.12,35.39,51.43,5.25,38.46,Mango,0.413,1,0,0,1
35.03,30.37,22.64,27.55,47.91,5.91,53.77,Mango,0.206,0,0,0,1
19.2,21.94,28.64,32.82,47.46,4.76,95.82,Mango,0.1,0,0,0,1
37.27,21.37,23.91,30.17,51.08,6.81,22.63,Mango,0.515,0,0,0,1
23.0,26.81,33.37,29.26,54.82,5.34,3.24,Mango,0.938,0,0,0,1
30.92,19.96,32.27,32.06,51.08,6.34,4.58,Mango,0.308,0,0,0,1
19.02,20.12,30.0,28.7,47.72,4.75,39.12,Mango,0.823,0,0,0,1
10.47,35.98,30.92,29.14,49.41,6.83,97.31,Mango,0.869,0,0,0,1
25.05,38.68,27.85,28.35,53.54,6.97,13.61,Mango,0.28,0,0,0,1
18.3,31.79,22.8,27.67,45.42,4.95,6.96,Mango,0.821,1,0,0,1
23.86,22.5,30.54,28.12,46.17,5.63,5.77,Mango,0.436,0,0,0,1
1.14,40.38,28.49,30.79,46.7,6.27,71.41,Mango,0.165,1,0,0,1
2.17,22.28,28.39,28.89,54.81,6.47,6.08,Mango,0.935,0,0,0,1
41.89,40.92,22.36,33.33,45.61,6.95,7.78,Mango,0.187,1,0,0,1
16.68,29.36,31.47,27.79,53.97,5.64,11.41,Mango,0.543,1,0,0,1
3.18,17.93,26.16,31.65,48.21,6.39,62.01,Mango,0.656,1,0,0,1
9.32,45.55,27.63,29.75,46.74,4.98,97.9,Mango,0.669,1,0,0,1
30.04,34.18,38.98,31.33,50.22,5.42,21.93,Mango,0.777,0,0,0,1
14.86,30.74,33.55,35.64,48.97,6.94,82.26,Mango,0.152,0,0,0,1
16.03,21.67,22.6,31.67,51.99,5.44,5.86,Mango,0.305,1,0,0,1
7.3,17.84,36.92,32.27,53.56,5.87,74.53,Mango,0.496,1,0,0,1
23.93,35.95,22.81,27.81,51.59,4.75,145.33,Mango,0.282,1,0,0,1
10.55,36.9,23.32,34.59,50.34,5.5,121.03,Mango,0.908,0,0,0,1
28.44,22.63,30.63,31.27,52.24,6.81,5.69,Mango,0.379,1,0,0,1
32.1,38.69,32.73,33.94,52.72,6.46,3.14,Mango,0.199,0,0,0,1
13.6,17.84,38.22,31.09,47.02,4.79,29.96,Mango,0.561,1,0,0,1
47.13,16.94,36.05,31.89,49.02,6.48,183.77,Mango,0.611,0,0,0,1
33.33,26.28,27.3,32.45,50.7,6.53,42.11,Mango,0.101,0,0,0,1
0.0,15.13,27.92,35.47,47.97,6.28,9.41,Mango,1.0,1,0,0,1
0.84,25.31,23.87,27.33,49.3,6.05,4.49,Mango,0.71,0,0,0,1
2.13,28.97,32.68,30.9,49.96,5.73,9.08,Mango,0.797,1,0,0,1
12.84,26.64,30.96,29.09,45.57,5.32,46.15,Mango,0.67,1,0,0,1
6.87,28.04,28.43,30.02,46.78,4.67,81.84,Mango,0.196,1,0,0,1
0.0,43.19,30.85,34.13,51.26,5.1,17.44,Mango,0.984,1,0,0,1
22.1,28.23,36.71,33.45,53.06,5.34,3.22,Mango,0.205,0,0,0,1
22.12,18.74,27.74,35.39,52.49,5.06,84.7,Mango,0.739,1,0,0,1
23.03,45.47,27.64,31.53,53.06,5.82,17.38,Mango,0.932,1,0,0,1
23.7,18.63,34.27,30.76,47.94,5.96,2.65,Mango,0.783,1,0,0,1
28.33,23.48,26.87,30.02,50.1,5.68,139.27,Mango,0.492,0,0,0,1
6.43,34.39,31.94,31.33,47.59,6.52,7.97,Mango,0.131,0,0,0,1
25.07,37.28,29.58,33.88,54.39,6.27,3.75,Mango,0.207,1,0,0,1
6.72,37.11,26.83,28.08,54.96,6.13,24.12,Mango,0.533,0,0,0,1
34.32,17.97,22.56,35.54,52.95,4.93,9.51,Mango,0.375,0,0,0,1
34.16,21.15,27.93,28.71,50.44,5.45,26.24,Mango,0.265,1,0,0,1
21.1,42.29,29.67,31.48,48.78,4.53,12.4,Mango,0.126,1,0,0,1
19.73,24.5,30.9,27.7,51.42,5.4,67.62,Mango,0.601,1,0,0,1
24.54,20.12,37.08,30.41,52.48,6.62,23.65,Mango,0.291,0,0,0,1
28.9,21.85,31.76,32.18,54.01,6.21,11.83,Mango,0.938,1,0,0,1
18.05,27.96,26.13,32.61,47.75,5.42,24.41,Mango,0.539,0,0,0,1
27.76,130.73,187.59,30.0,81.54,6.11,2.38,Papaya,0.215,0,0,0,1
11.2,138.88,171.48,30.73,82.43,6.09,134.22,Papaya,0.325,1,0,0,1
18.97,133.95,205.0,32.45,83.89,5.9,10.28,Papaya,0.84,1,0,0,1
31.84,130.32,159.86,37.47,80.66,6.16,7.35,Papaya,0.509,1,0,0,1
28.12,119.82,180.37,22.03,83.74,5.73,27.07,Papaya,0.241,1,0,0,1
2.03,110.61,190.86,39.65,82.21,6.25,5.38,Papaya,0.561,1,0,0,1
29.63,130.66,163.51,16.78,82.75,6.11,43.71,Papaya,0.218,1,0,0,1
11.15,128.66,181.82,12.14,83.57,5.65,34.58,Papaya,0.266,0,0,0,1
4.94,124.15,202.99,12.76,81.62,6.13,9.27,Papaya,0.149,1,0,0,1
14.8,145.0,205.0,39.04,80.18,6.5,4.71,Papaya,0.5,0,0,0,1
27.58,108.92,178.81,39.71,82.69,5.55,4.8,Papaya,0.234,1,0,0,1
25.51,145.0,205.0,9.47,82.29,5.8,95.38,Papaya,0.512,1,0,0,1
9.07,110.68,205.0,29.59,80.92,5.57,5.57,Papaya,0.262,1,0,0,1
16.02,145.0,205.0,17.83,80.96,6.28,76.19,Papaya,0.45,1,0,0,1
32.79,115.59,205.0,8.83,82.9,5.54,6.29,Papaya,0.762,1,0,0,1
20.26,111.89,205.0,27.83,83.51,6.21,65.98,Papaya,0.697,1,0,0,1
32.04,145.0,162.85,11.02,80.56,5.87,85.38,Papaya,0.82,1,0,0,1
3.2,117.41,205.0,17.59,80.85,6.33,6.87,Papaya,0.397,1,0,0,1
29.91,141.96,182.95,19.89,82.73,5.86,35.03,Papaya,0.197,1,0,0,1
3.64,115.44,183.69,29.94,81.78,5.9,40.83,Papaya,0.931,0,0,0,1
40.83,145.0,198.99,36.73,80.59,5.78,18.41,Papaya,0.961,1,0,0,1
34.1,119.53,205.0,20.42,81.54,5.93,2.32,Papaya,0.842,1,0,0,1
29.06,121.79,205.0,25.52,83.98,6.23,1.91,Papaya,0.824,1,0,0,1
27.76,143.69,205.0,30.51,82.72,5.59,89.79,Papaya,0.664,1,0,0,1
13.15,131.7,183.96,18.43,80.56,5.57,3.15,Papaya,0.142,0,0,0,1
24.43,132.58,188.53,12.09,83.59,5.93,92.12,Papaya,0.625,1,0,0,1
15.36,131.93,205.0,23.6,82.48,6.42,9.68,Papaya,0.706,1,0,0,1
5.66,123.67,185.9,12.8,81.21,6.42,7.44,Papaya,0.423,1,0,0,1
31.11,141.54,205.0,38.06,82.25,6.23,14.43,Papaya,0.977,1,0,0,1
25.35,142.07,171.54,39.07,82.04,6.0,131.43,Papaya,0.287,1,0,0,1
26.12,145.0,186.43,33.78,81.16,5.69,1.88,Papaya,0.938,1,0,0,1
7.17,126.34,190.59,16.76,82.0,5.66,1.21,Papaya,0.199,1,0,0,1
30.86,143.21,176.07,35.89,82.67,6.36,13.33,Papaya,0.754,1,0,0,1
9.0,121.94,174.09,21.01,81.18,6.12,158.17,Papaya,0.615,1,0,0,1
19.6,145.0,205.0,10.9,80.02,6.21,124.29,Papaya,0.153,1,0,0,1
36.35,145.0,205.0,16.36,83.0,6.49,70.12,Papaya,0.836,1,0,0,1
2.96,145.0,179.26,20.28,81.32,5.82,4.2,Papaya,0.812,1,0,0,1
42.49,145.0,180.36,25.11,83.25,6.33,7.16,Papaya,0.485,1,0,0,1
13.28,113.99,183.68,33.46,83.87,5.56,8.82,Papaya,0.677,1,0,0,1
17.62,111.85,205.0,11.8,80.86,6.49,19.81,Papaya,0.324,1,0,0,1
41.48,106.77,176.43,11.36,80.03,6.12,20.96,Papaya,0.987,1,0,0,1
34.69,125.11,205.0,25.24,80.69,5.7,46.95,Papaya,0.189,1,0,0,1
11.41,128.25,158.23,15.99,81.24,5.73,32.38,Papaya,0.99,1,0,0,1
0.0,137.08,161.02,22.44,80.19,6.33,2.98,Papaya,0.571,1,0,0,1
17.62,134.74,205.0,34.76,81.04,6.17,83.4,Papaya,0.225,1,0,0,1
34.67,132.88,186.64,31.11,83.34,5.65,6.37,Papaya,0.981,1,0,0,1
4.64,145.0,190.57,28.58,80.96,5.84,88.97,Papaya,0.46,1,0,0,1
34.42,116.07,162.22,41.19,81.02,5.54,94.08,Papaya,0.74,1,0,0,1
8.61,145.0,205.0,27.03,83.17,5.83,3.37,Papaya,0.208,1,0,0,1
42.13,113.09,205.0,21.19,82.33,6.4,40.38,Papaya,0.221,1,0,0,1
27.23,138.15,205.0,10.38,83.45,6.14,4.04,Papaya,0.735,1,0,0,1
13.68,145.0,184.36,31.31,82.56,5.97,4.25,Papaya,0.673,1,0,0,1
8.78,134.06,205.0,20.47,80.98,6.46,36.9,Papaya,0.539,1,0,0,1
6.87,145.0,184.14,29.37,81.54,6.34,8.7,Papaya,0.278,1,0,0,1
20.34,138.94,205.0,10.72,80.02,6.43,74.23,Papaya,0.866,1,0,0,1
39.28,126.18,174.12,14.98,80.5,6.29,37.54,Papaya,0.413,1,0,0,1
37.9,130.57,192.16,15.32,81.67,6.48,9.15,Papaya,0.451,0,0,0,1
15.89,110.21,205.0,18.74,81.12,5.93,34.71,Papaya,0.292,1,0,0,1
22.22,125.5,203.73,19.36,83.36,5.98,3.89,Papaya,0.887,1,0,0,1
16.64,145.0,175.57,41.21,81.61,6.39,9.17,Papaya,0.807,1,0,0,1
38.99,145.0,186.76,33.34,82.51,5.69,130.41,Papaya,0.214,1,0,0,1
18.76,112.28,205.0,23.82,80.12,6.0,4.09,Papaya,0.675,0,0,0,1
30.02,120.84,177.51,40.66,81.25,6.37,170.79,Papaya,0.104,1,0,0,1
35.22,137.08,205.0,11.83,80.28,5.51,18.56,Papaya,0.248,0,0,0,1
16.96,134.96,176.94,13.29,83.54,5.7,49.67,Papaya,0.167,1,0,0,1
45.53,136.37,179.07,35.83,83.33,5.78,7.46,Papaya,0.502,0,0,0,1
42.7,129.0,205.0,26.18,81.04,6.32,63.22,Papaya,0.302,1,0,0,1
35.12,106.76,205.0,24.58,80.71,5.97,1.56,Papaya,0.884,1,0,0,1
33.92,145.0,185.03,29.67,83.71,5.89,67.53,Papaya,0.867,1,0,0,1
30.16,145.0,183.41,39.37,81.25,6.13,140.55,Papaya,0.456,1,0,0,1
6.73,145.0,166.76,17.67,82.93,6.31,3.33,Papaya,0.708,1,0,0,1
6.61,96.65,200.98,24.07,82.66,6.05,1.05,Papaya,0.422,1,0,0,1
38.85,145.0,205.0,15.31,80.1,5.8,92.62,Papaya,0.717,1,0,0,1
40.98,145.0,204.38,21.77,80.55,6.4,187.45,Papaya,0.354,1,0,0,1
13.43,145.0,205.0,26.92,80.77,5.95,14.96,Papaya,0.274,1,0,0,1
7.69,145.0,196.38,41.66,82.22,5.61,8.37,Papaya,0.342,0,0,0,1
27.14,138.95,193.09,17.99,81.18,5.78,1.16,Papaya,0.242,1,0,0,1
13.84,120.1,167.98,29.12,82.79,5.68,173.85,Papaya,0.324,1,0,0,1
42.92,145.0,205.0,34.39,83.18,5.86,148.09,Papaya,0.85,1,0,0,1
38.51,145.0,205.0,41.36,82.8,6.44,96.51,Papaya,0.229,1,0,0,1
27.26,110.59,205.0,35.12,82.27,5.55,164.62,Papaya,0.762,1,0,0,1
30.0,141.88,205.0,19.65,80.15,6.11,74.68,Papaya,0.149,1,0,0,1
0.97,116.49,178.02,16.28,82.94,5.62,27.96,Papaya,0.27,0,0,0,1
36.99,123.48,163.97,21.12,80.63,6.35,1.54,Papaya,0.166,0,0,0,1
27.54,145.0,164.26,19.21,82.9,6.48,34.75,Papaya,0.489,1,0,0,1
5.63,113.68,205.0,25.96,82.58,5.84,3.02,Papaya,0.246,1,0,0,1
4.88,124.75,183.22,25.67,81.62,6.29,32.04,Papaya,0.974,0,0,0,1
27.29,128.66,181.1,41.95,81.16,5.64,11.61,Papaya,0.118,1,0,0,1
36.25,145.0,205.0,11.19,80.81,6.42,1.04,Papaya,0.715,1,0,0,1
40.8,124.11,205.0,17.54,82.95,6.32,11.39,Papaya,0.912,1,0,0,1
41.07,136.52,205.0,13.06,80.28,5.76,57.93,Papaya,0.353,1,0,0,1
12.84,103.85,204.07,9.72,83.75,6.16,48.1,Papaya,0.696,1,0,0,1
6.21,108.52,205.0,27.92,82.93,5.73,70.56,Papaya,0.382,1,0,0,1
34.57,117.73,205.0,9.54,80.73,5.91,59.34,Papaya,0.326,1,0,0,1
12.48,103.04,168.59,13.43,80.07,6.36,54.5,Papaya,0.37,1,0,0,1
19.3,145.0,205.0,9.85,80.23,5.97,15.32,Papaya,0.1,1,0,0,1
41.99,145.0,177.9,24.97,82.73,6.48,4.06,Papaya,0.549,1,0,0,1
6.22,145.0,205.0,27.24,82.95,6.22,59.8,Papaya,0.107,1,0,0,1
36.95,111.37,205.0,18.71,83.48,6.21,4.96,Papaya,0.475,1,0,0,1
36.9,116.85,170.0,9.95,82.55,5.84,4.48,Papaya,0.633,1,0,0,1
99.04,23.98,56.03,26.47,80.92,6.28,4.76,Watermelon,0.819,1,0,0,1
103.06,21.54,65.19,25.19,83.45,6.82,34.58,Watermelon,0.412,1,0,0,1
87.45,26.3,41.42,25.3,81.78,6.38,28.87,Watermelon,0.287,1,0,0,1
112.45,9.18,46.63,24.75,88.31,6.58,23.97,Watermelon,0.805,1,0,0,1
109.99,22.69,51.63,26.59,81.33,6.93,74.64,Watermelon,0.823,1,0,0,1
83.15,20.99,58.05,24.53,88.99,6.14,2.94,Watermelon,0.151,1,0,0,1
99.22,31.01,52.69,26.07,88.73,6.47,17.6,Watermelon,0.131,0,0,0,1
77.64,24.88,56.61,25.97,89.77,6.85,38.55,Watermelon,0.384,1,0,0,1
96.79,25.73,43.33,26.22,85.35,6.51,13.21,Watermelon,0.407,1,0,0,1
104.77,15.49,59.79,24.41,89.82,6.04,3.63,Watermelon,0.451,1,0,0,1
82.64,28.0,59.37,26.49,80.05,6.06,98.43,Watermelon,0.568,1,0,0,1
78.05,16.93,50.41,24.04,84.18,6.42,5.4,Watermelon,0.759,1,0,0,1
120.88,8.76,37.63,25.54,83.32,6.94,58.27,Watermelon,0.547,1,0,0,1
121.11,8.77,57.3,26.75,83.92,6.25,6.84,Watermelon,0.607,1,0,0,1
123.8,19.67,51.11,25.71,80.23,6.19,9.5,Watermelon,0.172,0,0,0,1
88.81,12.13,53.97,25.76,84.17,6.68,2.81,Watermelon,0.221,1,0,0,1
84.29,16.25,59.2,26.79,89.65,6.51,140.42,Watermelon,0.275,1,0,0,1
92.73,19.06,48.69,24.9,89.74,6.77,11.38,Watermelon,0.645,1,0,0,1
82.04,14.95,40.59,26.81,88.23,6.43,40.11,Watermelon,0.692,1,0,0,1
122.34,14.37,49.5,25.11,80.03,6.21,4.63,Watermelon,0.178,1,0,0,1
117.53,15.3,58.25,26.21,87.69,6.42,84.28,Watermelon,0.726,1,0,0,1
82.33,7.94,44.93,24.91,86.97,6.24,10.16,Watermelon,0.648,1,0,0,1
131.48,17.8,43.53,25.79,84.27,6.76,46.06,Watermelon,0.579,1,0,0,1
77.29,16.59,49.96,25.27,87.55,6.61,31.24,Watermelon,0.546,1,0,0,1
96.32,27.81,56.54,25.76,87.59,6.7,24.69,Watermelon,0.285,1,0,0,1
96.25,9.66,38.36,25.85,89.13,6.05,78.96,Watermelon,0.952,1,0,0,1
77.66,19.02,56.86,24.34,81.44,6.76,6.18,Watermelon,0.451,1,0,0,1
98.01,4.11,60.66,25.38,80.99,6.65,178.49,Watermelon,0.952,1,0,0,1
118.64,26.02,52.25,24.86,85.05,6.74,8.96,Watermelon,0.898,1,0,0,1
86.46,25.76,48.51,24.72,88.95,6.1,42.92,Watermelon,0.85,1,0,0,1
116.82,16.63,51.94,24.21,84.21,6.54,5.78,Watermelon,0.139,1,0,0,1
103.04,20.77,51.28,25.82,82.04,6.38,55.47,Watermelon,0.954,1,0,0,1
92.52,13.2,43.97,24.47,84.16,6.42,8.59,Watermelon,0.675,1,0,0,1
91.83,4.36,44.05,24.13,84.84,6.65,42.88,Watermelon,0.383,0,0,0,1
97.3,8.34,46.42,26.18,86.52,6.26,13.35,Watermelon,0.94,1,0,0,1
124.56,20.81,39.45,26.18,86.73,6.12,144.72,Watermelon,0.985,1,0,0,1
107.66,8.4,64.66,26.04,84.64,6.03,46.8,Watermelon,0.989,1,0,0,1
105.05,26.17,53.96,26.53,82.39,6.84,9.02,Watermelon,0.623,1,0,0,1
107.44,9.57,58.15,26.82,87.83,6.55,66.09,Watermelon,0.808,0,0,0,1
71.99,17.4,51.27,25.5,81.4,6.94,40.64,Watermelon,0.578,1,0,0,1
96.67,20.34,51.38,26.2,80.38,6.88,40.87,Watermelon,0.497,1,0,0,1
106.85,6.39,60.24,25.14,89.28,6.46,48.18,Watermelon,0.258,1,0,0,1
77.73,5.11,43.66,25.92,83.47,6.92,3.54,Watermelon,0.156,1,0,0,1
107.48,5.35,62.29,26.66,89.98,6.88,195.87,Watermelon,0.434,1,0,0,1
119.68,15.6,41.17,24.07,81.64,6.92,37.72,Watermelon,0.128,1,0,0,1
118.93,23.81,41.02,24.68,82.75,6.21,32.3,Watermelon,0.299,0,0,0,1
82.38,25.39,42.57,26.11,87.64,6.3,9.43,Watermelon,0.759,0,0,0,1
98.88,6.56,54.94,26.82,87.66,6.4,5.08,Watermelon,0.957,1,0,0,1
116.83,27.82,57.21,25.16,80.28,6.86,3.39,Watermelon,0.102,1,0,0,1
115.66,22.98,60.67,25.28,83.15,6.22,8.08,Watermelon,0.916,1,0,0,1
106.8,24.81,45.47,26.22,80.9,6.09,2.09,Watermelon,0.734,1,0,0,1
80.41,16.19,50.08,24.92,80.62,6.29,4.22,Watermelon,0.907,1,0,0,1
104.64,12.69,44.23,26.22,81.01,6.32,81.14,Watermelon,0.678,1,0,0,1
92.51,19.21,49.55,26.81,87.22,6.87,42.61,Watermelon,0.998,1,0,0,1
77.78,27.32,52.46,24.31,87.47,6.07,64.09,Watermelon,0.711,0,0,0,1
130.87,25.07,41.11,24.29,88.05,6.5,23.83,Watermelon,0.136,1,0,0,1
112.73,24.33,52.0,24.43,86.34,6.68,53.26,Watermelon,0.735,1,0,0,1
136.25,21.87,50.8,25.67,88.7,6.11,12.53,Watermelon,0.373,0,0,0,1
78.34,7.54,50.23,25.08,83.46,6.41,6.77,Watermelon,0.347,1,0,0,1
79.49,5.29,60.76,24.89,85.87,6.11,2.78,Watermelon,0.32,1,0,0,1
104.3,11.95,50.12,25.43,82.91,6.83,47.37,Watermelon,0.481,1,0,0,1
97.97,13.61,48.09,24.37,87.13,6.45,130.03,Watermelon,0.89,1,0,0,1
98.24,5.23,58.43,26.49,88.59,6.31,95.83,Watermelon,0.961,1,0,0,1
104.71,11.06,40.55,25.83,89.0,6.76,45.43,Watermelon,0.422,1,0,0,1
111.66,9.19,40.15,24.42,89.4,6.62,3.71,Watermelon,0.123,0,0,0,1
76.8,23.28,61.34,24.37,81.25,6.13,22.76,Watermelon,0.527,1,0,0,1
135.99,7.09,43.18,24.25,83.04,6.65,33.04,Watermelon,0.214,1,0,0,1
74.57,13.11,49.88,24.64,85.5,6.34,37.24,Watermelon,0.353,1,0,0,1
83.23,25.9,42.66,24.9,86.11,6.22,41.74,Watermelon,0.516,0,0,0,1
103.5,18.05,37.75,25.42,81.12,6.29,4.11,Watermelon,0.334,1,0,0,1
83.23,21.02,47.6,26.26,86.15,6.77,87.48,Watermelon,0.608,1,0,0,1
133.01,25.13,58.46,24.9,87.21,6.74,50.41,Watermelon,0.881,1,0,0,1
76.84,12.76,46.9,24.85,89.2,6.39,79.2,Watermelon,0.282,1,0,0,1
94.95,20.16,39.06,26.98,86.7,6.77,35.31,Watermelon,0.617,1,0,0,1
95.01,14.72,53.69,26.9,86.25,6.73,92.28,Watermelon,0.987,0,0,0,1
98.97,4.89,39.18,25.86,86.67,6.66,21.34,Watermelon,0.875,1,0,0,1
75.94,8.25,40.73,26.71,81.14,6.94,91.65,Watermelon,0.41,1,0,0,1
73.8,15.07,45.07,26.44,80.92,6.51,10.18,Watermelon,0.88,1,0,0,1
128.22,5.49,47.48,26.28,84.42,6.52,80.82,Watermelon,0.564,0,0,0,1
113.84,18.93,42.42,26.84,83.85,6.11,43.53,Watermelon,0.588,0,0,0,1
133.07,31.04,40.41,26.04,83.99,6.28,25.67,Watermelon,0.226,1,0,0,1
82.89,11.45,59.33,24.93,85.01,6.2,53.69,Watermelon,0.394,1,0,0,1
101.65,10.73,46.33,25.51,84.24,6.79,44.35,Watermelon,0.909,1,0,0,1
130.17,16.85,54.55,25.44,87.94,6.47,9.54,Watermelon,0.337,1,0,0,1
96.16,6.92,42.93,26.13,86.55,6.0,6.19,Watermelon,0.33,1,0,0,1
85.92,23.27,52.19,25.1,87.53,6.59,78.82,Watermelon,0.406,1,0,0,1
81.4,8.08,54.3,26.28,86.63,6.96,7.29,Watermelon,0.273,1,0,0,1
77.83,26.15,45.29,26.27,83.09,6.26,158.97,Watermelon,0.799,1,0,0,1
91.84,18.67,64.05,26.74,87.82,6.75,7.47,Watermelon,0.398,0,0,0,1
134.05,26.88,43.93,25.05,85.57,6.93,144.46,Watermelon,0.37,1,0,0,1
89.03,29.27,58.19,24.69,85.57,6.35,85.42,Watermelon,0.652,1,0,0,1
114.3,9.0,60.99,24.54,84.61,6.21,67.68,Watermelon,0.337,0,0,0,1
69.71,20.74,52.74,25.9,81.97,6.28,24.71,Watermelon,0.938,1,0,0,1
111.58,16.06,58.57,26.63,84.32,6.56,4.78,Watermelon,0.544,1,0,0,1
104.51,30.57,53.67,25.36,80.46,6.9,10.9,Watermelon,0.627,1,0,0,1
95.04,10.9,51.98,25.29,89.64,6.77,3.26,Watermelon,0.733,1,0,0,1
103.49,6.45,52.74,26.64,84.7,6.19,74.95,Watermelon,0.403,1,0,0,1
97.84,14.97,47.9,25.33,84.31,6.9,3.09,Watermelon,0.524,1,0,0,1
67.67,19.07,64.9,26.9,83.89,6.46,9.41,Watermelon,0.789,1,0,0,1
96.53,24.74,53.88,26.99,89.41,6.26,76.5,Watermelon,0.307,1,0,0,1
136.82,19.12,61.37,27.58,94.12,6.78,8.94,Pumpkin,0.506,1,0,0,1
117.67,23.15,44.22,27.82,93.04,6.53,5.84,Pumpkin,0.507,0,0,0,1
105.05,26.75,58.77,29.1,94.22,6.75,4.57,Pumpkin,0.235,0,0,0,1
115.9,16.44,56.72,28.05,90.83,6.56,92.76,Pumpkin,0.546,1,0,0,1
101.69,23.39,47.83,29.92,94.56,6.12,30.5,Pumpkin,0.269,1,0,0,1
76.81,25.4,39.96,29.87,93.25,6.08,4.92,Pumpkin,0.845,0,0,0,1
94.33,22.97,53.41,29.17,92.21,6.29,3.97,Pumpkin,0.964,1,0,0,1
113.42,31.95,41.77,29.25,90.07,6.07,1.03,Pumpkin,0.331,1,0,0,1
133.07,4.83,60.53,27.76,90.36,6.74,57.28,Pumpkin,0.903,0,0,0,1
86.82,26.79,42.39,28.83,94.27,6.2,73.79,Pumpkin,0.364,1,0,0,1
93.24,32.16,51.7,28.52,92.1,6.04,8.74,Pumpkin,0.161,0,0,0,1
94.68,10.43,44.23,29.07,90.98,6.02,49.44,Pumpkin,0.938,1,0,0,1
95.89,6.7,47.34,29.08,90.74,6.7,9.51,Pumpkin,0.403,1,0,0,1
69.03,22.97,54.51,28.47,94.79,6.49,7.8,Pumpkin,0.285,0,0,0,1
128.94,30.17,52.19,28.28,90.39,6.22,58.68,Pumpkin,0.724,1,0,0,1
88.18,22.55,51.42,28.47,91.21,6.16,35.2,Pumpkin,0.667,1,0,0,1
129.75,5.51,61.09,29.69,94.3,6.17,143.79,Pumpkin,0.119,1,0,0,1
122.03,11.37,45.62,27.02,91.67,6.09,125.4,Pumpkin,0.736,1,0,0,1
72.22,18.24,50.8,29.1,94.17,6.16,34.93,Pumpkin,0.333,0,0,0,1
87.95,15.42,39.78,29.69,92.59,6.61,1.44,Pumpkin,0.378,1,0,0,1
83.2,10.22,58.53,28.21,92.87,6.45,52.07,Pumpkin,0.93,0,0,0,1
106.76,5.65,59.96,29.05,93.92,6.11,46.81,Pumpkin,0.563,1,0,0,1
106.65,11.47,54.98,29.57,93.62,6.56,45.33,Pumpkin,0.18,0,0,0,1
98.15,14.14,40.99,29.11,92.44,6.14,12.38,Pumpkin,0.813,0,0,0,1
101.68,26.15,58.27,28.2,92.91,6.1,9.88,Pumpkin,0.85,0,0,0,1
136.05,28.35,61.37,29.12,92.13,6.41,115.74,Pumpkin,0.594,0,0,0,1
100.77,19.09,51.93,29.63,90.1,6.08,182.63,Pumpkin,0.607,1,0,0,1
122.22,28.71,58.49,29.81,90.37,6.12,3.1,Pumpkin,0.19,0,0,0,1
89.57,20.53,50.0,27.72,90.94,6.7,45.44,Pumpkin,0.477,0,0,0,1
97.7,25.3,47.29,29.26,92.92,6.09,126.75,Pumpkin,0.485,0,0,0,1
95.95,17.74,53.31,29.73,94.3,6.37,57.44,Pumpkin,0.393,1,0,0,1
113.2,29.83,54.14,28.91,90.78,6.43,2.82,Pumpkin,0.405,1,0,0,1
124.6,26.81,57.11,28.96,93.88,6.47,6.56,Pumpkin,0.123,0,0,0,1
93.12,11.4,45.18,28.59,91.34,6.09,93.84,Pumpkin,0.233,1,0,0,1
109.14,29.64,60.1,27.34,90.7,6.15,60.83,Pumpkin,0.755,0,0,0,1
73.33,14.05,53.74,29.9,90.75,6.65,2.08,Pumpkin,0.231,1,0,0,1
71.95,24.79,41.49,27.43,90.03,6.38,7.4,Pumpkin,0.724,1,0,0,1
102.71,8.65,53.87,29.56,90.71,6.73,5.25,Pumpkin,0.559,1,0,0,1
107.4,10.59,49.39,29.84,93.76,6.13,20.98,Pumpkin,0.229,1,0,0,1
111.33,20.89,56.07,28.54,91.73,6.16,45.61,Pumpkin,0.687,1,0,0,1
93.35,13.76,58.77,27.12,94.87,6.44,7.49,Pumpkin,0.763,1,0,0,1
104.46,24.81,61.19,27.84,91.61,6.73,8.45,Pumpkin,0.273,0,0,0,1
100.14,25.64,45.74,29.03,91.82,6.24,4.74,Pumpkin,0.674,0,0,0,1
97.05,19.93,52.03,27.82,90.57,6.27,7.84,Pumpkin,0.561,0,0,0,1
101.95,11.42,51.63,27.73,92.01,6.35,57.46,Pumpkin,0.947,1,0,0,1
88.15,11.03,60.03,28.7,94.31,6.0,3.29,Pumpkin,0.104,1,0,0,1
100.37,23.07,55.83,29.73,90.97,6.34,124.63,Pumpkin,0.809,1,0,0,1
90.9,9.82,58.03,29.54,92.92,6.16,5.93,Pumpkin,0.679,1,0,0,1
117.75,21.27,56.65,28.8,91.78,6.12,53.1,Pumpkin,0.865,0,0,0,1
115.82,23.1,39.69,27.29,90.53,6.13,1.96,Pumpkin,0.809,1,0,0,1
124.5,18.68,53.32,27.47,94.88,6.44,33.69,Pumpkin,0.19,0,0,0,1
91.83,19.48,44.82,29.49,94.73,6.19,33.92,Pumpkin,0.386,0,0,0,1
111.31,7.92,42.0,27.79,92.51,6.16,31.72,Pumpkin,0.842,0,0,0,1
94.45,25.2,46.13,29.13,91.52,6.78,9.19,Pumpkin,0.215,1,0,0,1
96.68,20.5,49.37,27.93,93.56,6.43,34.2,Pumpkin,0.701,0,0,0,1
121.36,14.23,39.46,29.46,92.13,6.71,1.56,Pumpkin,0.607,0,0,0,1
139.48,10.84,47.68,27.97,92.17,6.01,8.34,Pumpkin,0.662,0,0,0,1
100.4,13.91,58.12,29.49,91.08,6.37,12.41,Pumpkin,0.307,0,0,0,1
104.19,8.59,46.04,29.47,90.77,6.67,18.2,Pumpkin,0.203,1,0,0,1
104.92,14.85,37.93,27.08,90.14,6.75,74.46,Pumpkin,0.708,1,0,0,1
100.45,6.41,36.45,27.3,90.8,6.03,2.83,Pumpkin,0.139,1,0,0,1
95.83,6.03,42.42,29.83,90.79,6.4,56.49,Pumpkin,0.132,0,0,0,1
106.67,17.95,47.63,29.93,93.23,6.45,9.52,Pumpkin,0.234,0,0,0,1
68.41,27.89,55.95,29.94,93.91,6.25,11.03,Pumpkin,0.371,0,0,0,1
102.09,5.52,39.41,28.03,91.47,6.27,64.88,Pumpkin,0.172,1,0,0,1
101.48,5.19,62.17,29.88,94.04,6.14,35.38,Pumpkin,0.18,0,0,0,1
124.35,16.7,63.82,27.71,92.91,6.19,2.48,Pumpkin,0.921,0,0,0,1
78.0,11.55,47.38,29.79,94.65,6.33,152.67,Pumpkin,0.513,0,0,0,1
120.22,14.38,53.95,28.58,92.87,6.21,10.04,Pumpkin,0.936,1,0,0,1
100.04,24.94,48.25,29.48,90.34,6.64,78.34,Pumpkin,0.86,0,0,0,1
92.4,11.76,41.74,27.51,94.96,6.69,177.07,Pumpkin,0.278,1,0,0,1
120.49,20.3,41.64,28.05,94.82,6.33,5.79,Pumpkin,0.659,1,0,0,1
113.34,10.79,49.99,29.03,93.13,6.36,95.27,Pumpkin,0.302,0,0,0,1
82.14,5.14,59.02,28.59,91.89,6.09,2.98,Pumpkin,0.841,1,0,0,1
94.02,19.61,37.14,27.09,93.42,6.78,28.75,Pumpkin,0.754,1,0,0,1
109.36,21.63,57.53,28.0,90.85,6.63,70.3,Pumpkin,0.945,1,0,0,1
69.96,15.03,62.01,27.87,91.15,6.48,56.85,Pumpkin,0.784,1,0,0,1
81.91,14.89,36.55,28.97,90.72,6.57,2.56,Pumpkin,0.954,0,0,0,1
106.27,31.37,45.98,28.88,92.49,6.17,96.03,Pumpkin,0.497,0,0,0,1
125.67,14.87,63.39,29.17,94.2,6.01,7.79,Pumpkin,0.88,1,0,0,1
84.98,23.43,45.33,29.34,90.02,6.54,1.46,Pumpkin,0.691,0,0,0,1
111.18,21.26,45.23,29.07,91.92,6.34,15.55,Pumpkin,0.11,1,0,0,1
126.79,21.74,45.38,28.68,92.51,6.15,83.96,Pumpkin,0.764,0,0,0,1
69.88,15.17,47.65,28.93,91.39,6.44,48.95,Pumpkin,0.295,0,0,0,1
101.11,17.03,50.62,28.0,91.64,6.55,9.68,Pumpkin,0.764,1,0,0,1
100.85,5.39,53.6,27.59,91.8,6.4,8.45,Pumpkin,0.39,1,0,0,1
81.8,19.42,41.13,29.87,90.61,6.19,64.05,Pumpkin,0.705,1,0,0,1
76.06,21.79,45.04,28.56,90.46,6.16,9.86,Pumpkin,0.251,0,0,0,1
87.63,30.41,62.37,29.19,91.46,6.66,23.83,Pumpkin,0.695,1,0,0,1
118.36,9.71,48.7,27.99,92.78,6.5,8.46,Pumpkin,0.281,1,0,0,1
80.92,15.29,48.24,28.05,91.82,6.71,8.91,Pumpkin,0.194,0,0,0,1
98.4,23.15,48.35,27.35,94.29,6.07,71.68,Pumpkin,0.29,1,0,0,1
130.66,7.05,43.41,29.34,94.55,6.42,5.11,Pumpkin,0.49,1,0,0,1
99.01,7.16,54.28,28.61,94.22,6.4,7.36,Pumpkin,0.895,1,0,0,1
71.44,26.52,54.2,27.05,91.35,6.38,33.48,Pumpkin,0.978,0,0,0,1
113.36,14.4,52.89,29.53,94.57,6.7,18.46,Pumpkin,0.718,1,0,0,1
79.18,28.27,50.63,28.5,93.47,6.57,7.9,Pumpkin,0.475,1,0,0,1
105.52,24.1,53.29,28.9,94.79,6.29,97.09,Pumpkin,0.71,1,0,0,1
92.76,15.7,45.2,27.05,91.38,6.45,39.4,Pumpkin,0.543,1,0,0,1
91.13,18.27,51.06,28.96,91.7,6.59,84.81,Pumpkin,0.4,1,0,0,1
23.5,132.09,180.05,22.75,90.69,5.52,27.37,Pineapple,0.728,1,0,0,1
6.5,141.06,165.64,23.85,94.35,6.13,9.63,Pineapple,0.136,0,0,0,1
11.27,145.0,205.0,22.61,94.59,6.23,1.58,Pineapple,0.331,0,0,0,1
9.18,103.94,205.0,21.19,91.13,6.32,8.37,Pineapple,0.28,1,0,0,1
21.04,124.84,183.05,23.41,91.7,5.59,24.62,Pineapple,0.397,1,0,0,1
28.82,120.19,192.39,22.86,93.13,5.82,6.02,Pineapple,0.797,1,0,0,1
24.12,132.52,202.38,22.48,93.41,5.77,24.71,Pineapple,0.41,1,0,0,1
0.0,141.59,194.33,22.03,92.96,5.79,2.16,Pineapple,0.22,1,0,0,1
23.98,145.0,205.0,21.91,91.69,6.5,5.46,Pineapple,0.314,1,0,0,1
1.08,120.47,172.25,23.71,93.27,5.66,113.48,Pineapple,0.118,0,0,0,1
30.09,103.8,158.88,21.38,92.72,5.57,58.64,Pineapple,0.191,1,0,0,1
23.46,143.88,205.0,22.85,94.32,6.08,1.5,Pineapple,0.551,0,0,0,1
15.1,132.6,205.0,23.11,92.8,6.38,125.0,Pineapple,0.843,1,0,0,1
8.32,135.33,200.93,23.25,94.54,5.87,157.73,Pineapple,0.281,1,0,0,1
0.0,111.68,205.0,23.67,90.49,5.71,44.4,Pineapple,0.22,1,0,0,1
32.9,134.83,171.17,23.77,90.6,5.8,15.83,Pineapple,0.756,1,0,0,1
36.83,143.53,170.36,23.34,91.48,6.28,38.18,Pineapple,0.381,1,0,0,1
34.47,132.75,175.52,22.64,90.18,5.7,59.65,Pineapple,0.557,1,0,0,1
36.7,120.71,205.0,22.46,94.76,5.61,44.41,Pineapple,0.336,0,0,0,1
6.31,127.45,162.62,22.96,93.58,5.86,6.48,Pineapple,0.609,1,0,0,1
36.1,106.02,188.45,21.07,93.57,6.04,3.7,Pineapple,0.516,1,0,0,1
27.25,137.32,166.74,22.44,92.71,5.69,57.1,Pineapple,0.692,1,0,0,1
1.65,145.0,189.75,22.71,90.45,5.67,44.77,Pineapple,1.0,1,0,0,1
31.41,134.99,205.0,21.7,93.44,5.75,22.47,Pineapple,0.297,0,0,0,1
24.39,128.11,181.41,22.43,92.49,5.8,38.46,Pineapple,0.131,1,0,0,1
33.17,145.0,205.0,21.26,92.84,5.82,74.19,Pineapple,0.682,1,0,0,1
12.47,131.01,198.72,22.92,94.9,6.28,9.06,Pineapple,0.541,0,0,0,1
20.97,115.31,168.31,22.81,91.52,6.03,186.89,Pineapple,0.288,1,0,0,1
10.08,133.62,205.0,21.12,90.69,5.64,3.11,Pineapple,0.755,1,0,0,1
5.65,145.0,198.62,21.11,90.32,5.56,156.8,Pineapple,0.521,1,0,0,1
33.09,144.48,205.0,23.6,90.98,5.6,5.59,Pineapple,0.951,1,0,0,1
2.07,99.78,194.9,23.13,94.71,5.89,11.94,Pineapple,0.43,0,0,0,1
9.39,145.0,193.1,22.98,93.32,5.88,8.07,Pineapple,0.987,1,0,0,1
8.3,123.57,176.15,22.13,90.98,6.39,6.24,Pineapple,0.977,1,0,0,1
22.54,134.07,164.77,22.54,91.48,5.71,9.48,Pineapple,0.97,0,0,0,1
22.93,145.0,196.6,22.49,91.7,5.8,90.71,Pineapple,0.589,0,0,0,1
18.32,127.5,205.0,22.36,94.48,6.05,1.11,Pineapple,0.978,0,0,0,1
14.21,108.73,174.12,22.21,93.51,6.44,41.21,Pineapple,0.619,0,0,0,1
22.06,115.16,205.0,22.45,94.74,5.62,9.44,Pineapple,0.804,1,0,0,1
29.02,142.77,164.04,22.77,92.12,6.44,2.86,Pineapple,0.342,0,0,0,1
30.54,131.71,205.0,22.19,90.03,6.16,30.16,Pineapple,0.937,1,0,0,1
22.32,145.0,205.0,23.61,91.7,5.81,81.42,Pineapple,0.759,0,0,0,1
18.97,139.11,205.0,23.86,94.92,5.77,71.44,Pineapple,0.281,1,0,0,1
4.62,116.13,169.34,21.42,92.63,6.18,160.19,Pineapple,0.5,1,0,0,1
1.98,142.79,202.85,22.37,90.79,5.74,3.65,Pineapple,0.671,0,0,0,1
14.48,145.0,205.0,24.0,91.61,5.82,97.26,Pineapple,0.617,1,0,0,1
33.99,110.42,205.0,21.8,92.73,5.55,75.59,Pineapple,0.171,0,0,0,1
26.27,130.92,205.0,23.8,92.8,6.02,103.52,Pineapple,0.305,0,0,0,1
17.11,139.75,193.69,23.71,91.53,5.63,57.54,Pineapple,0.683,1,0,0,1
15.31,137.32,200.65,23.34,90.38,5.81,16.45,Pineapple,0.547,1,0,0,1
10.02,145.0,205.0,22.31,90.04,5.73,14.35,Pineapple,0.78,1,0,0,1
16.72,119.6,195.77,23.5,92.21,5.67,5.59,Pineapple,0.345,0,0,0,1
25.68,111.51,180.2,23.46,91.46,5.68,7.8,Pineapple,0.523,0,0,0,1
29.52,145.0,205.0,23.06,92.4,6.25,41.93,Pineapple,0.297,1,0,0,1
2.03,109.06,177.03,22.47,91.23,6.02,66.59,Pineapple,0.101,1,0,0,1
2.32,137.88,190.87,22.7,92.82,5.53,89.34,Pineapple,0.439,1,0,0,1
26.15,145.0,171.39,23.67,93.9,5.95,28.29,Pineapple,0.111,0,0,0,1
29.53,110.73,184.78,22.5,92.46,6.13,5.06,Pineapple,0.485,0,0,0,1
28.55,145.0,174.63,23.83,90.84,6.41,86.12,Pineapple,0.561,1,0,0,1
24.03,144.16,180.54,23.64,93.74,6.16,6.95,Pineapple,0.196,0,0,0,1
26.91,127.42,177.66,21.41,92.99,5.88,2.71,Pineapple,0.768,0,0,0,1
43.45,118.46,194.9,22.85,94.58,5.94,7.3,Pineapple,0.459,1,0,0,1
5.6,138.85,192.49,22.98,93.85,5.97,74.91,Pineapple,0.52,1,0,0,1
29.77,136.24,204.8,21.2,90.81,5.67,3.41,Pineapple,0.416,1,0,0,1
15.3,121.92,190.98,23.87,90.5,5.88,11.17,Pineapple,0.995,0,0,0,1
32.33,145.0,205.0,21.04,94.34,6.09,3.09,Pineapple,0.485,0,0,0,1
13.68,145.0,205.0,22.62,93.52,5.9,21.62,Pineapple,0.566,1,0,0,1
22.06,113.69,205.0,21.45,90.75,6.11,2.86,Pineapple,0.909,0,0,0,1
24.06,145.0,188.57,22.81,92.13,6.21,135.02,Pineapple,0.816,1,0,0,1
3.23,145.0,188.9,21.98,91.13,6.14,37.53,Pineapple,0.572,0,0,0,1
12.31,125.75,204.66,22.53,92.55,6.37,35.91,Pineapple,0.664,0,0,0,1
5.7,128.39,186.31,22.36,91.92,6.26,83.71,Pineapple,0.84,0,0,0,1
8.58,126.32,188.29,21.2,92.16,6.28,85.37,Pineapple,0.515,1,0,0,1
7.97,137.45,205.0,23.88,93.45,5.51,5.39,Pineapple,0.88,1,0,0,1
2.04,140.48,200.53,22.78,94.37,5.68,98.12,Pineapple,0.444,1,0,0,1
31.61,124.77,205.0,22.19,92.44,5.83,89.32,Pineapple,0.176,1,0,0,1
25.33,145.0,183.83,22.91,90.7,5.6,2.67,Pineapple,0.949,0,0,0,1
26.57,108.03,205.0,23.09,90.23,6.1,76.26,Pineapple,0.826,1,0,0,1
12.38,125.54,190.97,21.72,92.84,6.06,10.57,Pineapple,0.644,1,0,0,1
16.03,114.05,194.54,22.44,91.59,6.16,14.59,Pineapple,0.812,1,0,0,1
31.81,119.48,191.27,21.13,91.96,5.81,12.79,Pineapple,0.111,1,0,0,1
34.54,145.0,171.24,22.72,92.25,5.99,38.89,Pineapple,0.728,1,0,0,1
8.77,123.75,205.0,23.75,92.88,5.57,43.61,Pineapple,0.989,1,0,0,1
34.16,143.96,205.0,23.76,93.66,5.97,16.61,Pineapple,0.415,1,0,0,1
25.75,106.02,205.0,22.13,94.68,6.06,8.96,Pineapple,0.365,0,0,0,1
34.23,125.51,205.0,21.17,90.24,5.9,2.11,Pineapple,0.273,1,0,0,1
11.22,124.57,205.0,22.36,91.16,6.12,18.86,Pineapple,0.994,1,0,0,1
1.03,143.66,205.0,22.78,92.7,5.62,37.6,Pineapple,0.696,1,0,0,1
0.0,142.97,185.96,21.23,90.1,5.52,6.71,Pineapple,0.139,0,0,0,1
34.32,142.04,173.35,23.16,90.34,5.73,8.81,Pineapple,0.257,0,0,0,1
35.95,141.12,193.69,22.43,93.92,5.89,94.64,Pineapple,0.895,1,0,0,1
25.3,138.65,205.0,23.64,90.95,5.56,16.53,Pineapple,0.201,1,0,0,1
33.85,145.0,176.1,22.29,90.69,6.22,3.08,Pineapple,0.462,0,0,0,1
13.7,145.0,204.05,23.35,90.9,6.07,83.15,Pineapple,0.535,1,0,0,1
28.86,145.0,196.34,22.04,94.58,6.23,2.92,Pineapple,0.92,0,0,0,1
47.56,125.61,200.34,23.81,92.49,5.89,3.64,Pineapple,0.8,0,0,0,1
20.52,118.0,205.0,22.32,90.85,5.73,95.81,Pineapple,0.67,1,0,0,1
35.05,145.0,205.0,22.14,93.83,6.4,20.11,Pineapple,0.415,0,0,0,1
36.99,129.81,205.0,23.65,94.51,6.5,4.82,Pineapple,0.875,0,0,0,1
9.04,145.0,205.0,22.17,90.27,6.23,37.5,Pineapple,0.815,1,0,0,1
23.68,28.49,11.75,15.78,92.51,6.35,161.5,Orange,0.556,0,0,0,1
38.4,5.17,11.27,26.03,91.51,7.51,92.91,Orange,0.232,0,0,0,1
22.84,13.26,5.29,13.36,91.36,7.34,3.66,Orange,0.973,1,0,0,1
6.3,14.56,7.76,18.88,92.04,7.81,27.36,Orange,0.717,1,0,0,1
20.4,5.75,9.45,29.48,91.58,7.13,24.12,Orange,0.828,1,0,0,1
21.1,23.28,10.41,28.07,92.91,6.08,98.59,Orange,0.737,0,0,0,1
4.78,19.75,17.44,25.67,92.05,7.41,6.11,Orange,0.197,1,0,0,1
0.0,16.6,11.35,29.77,92.01,7.21,6.1,Orange,0.461,0,0,0,1
32.83,27.06,16.02,30.55,90.9,7.19,66.39,Orange,0.34,1,0,0,1
12.46,18.94,6.69,23.96,90.26,7.37,1.11,Orange,0.303,1,0,0,1
18.62,18.19,15.32,23.98,91.55,7.46,70.92,Orange,0.607,1,0,0,1
26.98,14.2,6.76,25.26,90.31,6.82,9.94,Orange,0.194,0,0,0,1
6.37,9.15,10.92,31.08,90.14,7.03,8.03,Orange,0.379,1,0,0,1
19.4,8.09,10.96,14.78,91.22,6.12,6.59,Orange,0.415,1,0,0,1
23.92,19.77,6.12,26.57,94.45,6.29,6.1,Orange,0.811,0,0,0,1
9.81,10.75,7.73,24.86,94.39,6.56,8.11,Orange,0.887,1,0,0,1
33.02,7.18,5.73,34.51,93.64,7.16,8.45,Orange,0.877,0,0,0,1
26.14,15.71,5.15,24.12,90.72,6.95,7.97,Orange,0.488,1,0,0,1
13.92,4.73,6.68,23.85,90.11,7.47,7.05,Orange,0.859,1,0,0,1
16.88,8.5,8.39,24.6,91.28,7.6,14.44,Orange,0.419,1,0,0,1
4.04,12.02,5.4,15.63,94.26,7.56,1.73,Orange,0.794,1,0,0,1
0.0,20.49,13.08,19.34,91.98,6.36,92.37,Orange,0.784,0,0,0,1
9.35,6.15,9.27,28.26,91.98,6.93,57.86,Orange,0.988,1,0,0,1
4.66,25.01,5.26,22.68,93.36,7.48,10.29,Orange,0.283,1,0,0,1
36.67,13.58,8.32,21.03,92.96,7.68,130.85,Orange,0.192,1,0,0,1
31.1,6.53,12.25,33.23,91.06,7.83,46.58,Orange,0.585,1,0,0,1
23.73,24.45,12.94,22.3,92.16,6.44,5.75,Orange,0.915,1,0,0,1
12.4,14.03,4.93,11.5,94.89,6.95,5.73,Orange,0.275,0,0,0,1
9.22,7.47,14.86,14.34,94.36,7.99,14.84,Orange,0.755,1,0,0,1
5.09,15.24,15.3,33.11,93.48,7.43,7.91,Orange,0.358,1,0,0,1
25.79,23.78,16.38,30.49,90.46,7.78,27.57,Orange,0.63,1,0,0,1
38.86,13.61,13.12,30.26,92.03,6.05,5.0,Orange,0.207,0,0,0,1
9.1,12.99,5.87,12.23,90.26,7.11,88.83,Orange,0.678,1,0,0,1
16.95,12.17,8.89,10.01,90.22,6.22,29.67,Orange,0.341,0,0,0,1
16.79,7.65,8.58,22.79,90.61,6.42,38.08,Orange,0.929,0,0,0,1
0.0,12.43,6.36,20.18,90.65,6.97,6.6,Orange,0.603,0,0,0,1
5.22,27.76,6.03,30.72,94.01,6.01,73.83,Orange,0.115,1,0,0,1
6.47,7.05,11.46,24.36,92.4,6.6,58.12,Orange,0.16,0,0,0,1
9.47,4.32,5.13,21.21,91.35,7.82,94.83,Orange,0.443,0,0,0,1
0.83,16.64,5.78,10.79,91.38,6.82,3.33,Orange,0.312,1,0,0,1
0.87,33.49,10.41,11.9,91.35,7.29,98.23,Orange,0.963,0,0,0,1
0.0,23.0,17.82,22.57,93.37,7.6,41.18,Orange,0.225,0,0,0,1
22.71,31.56,10.55,18.87,93.25,6.16,4.64,Orange,0.598,1,0,0,1
36.88,12.68,10.95,17.34,93.05,7.19,77.57,Orange,0.682,1,0,0,1
36.31,20.35,8.43,34.91,92.88,7.42,55.66,Orange,0.879,0,0,0,1
42.1,22.1,7.11,24.54,91.91,6.49,162.12,Orange,0.105,0,0,0,1
26.87,15.32,15.31,13.84,91.75,6.04,9.29,Orange,0.817,1,0,0,1
9.44,10.13,8.72,22.36,93.52,6.01,7.61,Orange,0.565,0,0,0,1
13.1,16.84,8.68,34.74,93.12,6.95,29.32,Orange,0.451,1,0,0,1
16.39,8.34,12.79,11.55,94.15,7.91,7.7,Orange,0.653,1,0,0,1
24.32,11.09,4.5,23.13,91.95,7.64,69.45,Orange,0.416,1,0,0,1
0.87,15.51,8.33,29.98,94.55,7.53,4.77,Orange,0.164,0,0,0,1
21.23,4.05,8.82,20.88,90.94,6.25,1.32,Orange,0.577,0,0,0,1
15.07,22.58,9.08,17.25,91.14,6.54,182.08,Orange,0.766,0,0,0,1
27.12,12.34,6.47,15.83,91.68,7.65,57.97,Orange,0.786,0,0,0,1
3.34,5.34,8.27,23.01,91.12,6.71,7.0,Orange,0.651,1,0,0,1
16.86,17.77,16.66,16.4,92.18,6.63,4.08,Orange,0.215,0,0,0,1
10.24,17.93,9.11,24.45,93.11,6.53,86.28,Orange,0.168,0,0,0,1
36.92,32.31,9.15,31.88,91.15,6.45,46.02,Orange,0.318,1,0,0,1
42.45,28.88,8.78,31.35,91.48,7.18,80.44,Orange,0.453,1,0,0,1
34.2,26.77,14.39,18.05,90.04,7.02,5.49,Orange,0.884,1,0,0,1
10.81,6.49,7.22,30.85,92.87,6.39,41.78,Orange,0.762,1,0,0,1
11.55,34.65,13.56,22.46,91.53,7.57,193.64,Orange,0.539,1,0,0,1
29.87,10.97,10.75,13.7,90.96,7.61,80.05,Orange,0.43,1,0,0,1
15.27,25.08,13.87,20.49,93.72,7.14,95.48,Orange,0.995,0,0,0,1
40.95,16.94,7.39,13.21,94.03,6.35,23.31,Orange,0.754,1,0,0,1
14.85,33.31,10.77,32.32,93.68,6.2,49.53,Orange,0.82,1,0,0,1
33.14,24.51,13.4,20.68,90.92,7.83,106.38,Orange,0.558,1,0,0,1
42.61,22.54,10.09,31.53,90.51,6.4,8.39,Orange,0.882,1,0,0,1
44.53,7.92,12.15,25.35,91.81,7.99,56.56,Orange,0.146,1,0,0,1
30.07,5.66,14.1,17.67,91.7,6.58,38.74,Orange,0.267,1,0,0,1
19.34,11.22,7.78,12.59,91.82,6.21,49.67,Orange,0.366,1,0,0,1
20.5,17.29,9.7,11.87,93.68,6.98,35.65,Orange,0.924,0,0,0,1
5.24,9.11,4.5,11.03,92.23,6.56,17.53,Orange,0.592,0,0,0,1
22.12,8.26,14.01,25.3,94.96,7.26,39.96,Orange,0.884,1,0,0,1
29.41,21.52,13.04,32.24,90.15,6.46,3.6,Orange,0.524,0,0,0,1
15.91,16.33,12.2,17.68,94.36,6.7,10.93,Orange,0.242,1,0,0,1
30.03,20.48,14.01,10.27,90.19,7.4,199.36,Orange,0.107,0,0,0,1
26.29,13.53,5.79,17.22,94.79,6.91,2.84,Orange,0.317,1,0,0,1
14.49,17.99,4.25,19.67,90.5,7.76,2.31,Orange,0.677,1,0,0,1
35.04,23.09,10.5,10.36,93.76,7.8,30.49,Orange,0.614,0,0,0,1
21.49,7.94,9.82,27.26,91.71,6.97,32.19,Orange,0.896,0,0,0,1
25.36,6.12,9.74,34.59,92.13,6.73,2.23,Orange,0.605,1,0,0,1
24.94,28.22,11.53,32.4,94.52,6.6,65.28,Orange,0.959,0,0,0,1
6.06,20.31,8.03,10.16,91.22,6.47,84.28,Orange,0.661,0,0,0,1
19.23,21.06,7.28,21.49,93.44,6.41,4.12,Orange,0.705,1,0,0,1
8.23,16.61,10.74,16.53,94.77,6.48,77.71,Orange,0.671,1,0,0,1
18.02,27.58,11.47,31.85,90.12,6.41,5.18,Orange,0.903,0,0,0,1
18.4,13.33,9.74,28.05,90.01,6.55,18.34,Orange,0.997,0,0,0,1
27.21,11.85,11.33,31.75,94.6,7.36,2.8,Orange,0.577,1,0,0,1
20.75,33.21,9.25,29.07,93.27,7.37,32.4,Orange,0.81,1,0,0,1
31.61,20.05,10.93,19.14,90.71,7.85,57.98,Orange,0.255,1,0,0,1
14.15,7.45,8.79,16.15,91.44,8.0,140.02,Orange,0.614,1,0,0,1
38.74,11.56,13.15,34.05,92.06,6.73,8.48,Orange,0.168,0,0,0,1
6.5,10.42,9.31,34.51,90.56,7.79,3.74,Orange,0.758,0,0,0,1
25.14,24.88,5.22,32.72,90.55,7.66,140.53,Orange,0.241,0,0,0,1
10.84,8.84,9.93,25.16,92.55,7.11,8.4,Orange,0.628,1,0,0,1
6.78,7.02,6.4,27.68,94.47,7.2,4.78,Orange,0.997,1,0,0,1
40.98,18.19,15.91,21.35,90.95,7.87,55.33,Orange,0.105,1,0,0,1
31.89,30.27,8.9,11.7,93.26,7.57,4.15,Orange,0.355,0,0,0,1
69.59,66.47,45.77,35.21,91.5,6.79,1.43,Papaya,0.332,1,0,0,1
66.24,48.49,40.63,42.39,90.79,6.58,10.6,Papaya,0.72,1,0,0,1
37.28,41.59,63.18,38.42,91.14,6.75,36.08,Papaya,0.796,0,0,0,1
45.63,63.44,52.77,35.33,92.12,6.56,28.47,Papaya,0.458,1,0,0,1
32.75,56.51,44.02,42.92,90.08,6.94,75.13,Papaya,0.623,0,0,0,1
64.7,58.1,37.75,33.84,92.85,6.99,82.45,Papaya,0.746,1,0,0,1
63.69,71.83,51.8,33.2,92.76,6.98,4.9,Papaya,0.614,1,0,0,1
32.23,54.84,51.41,23.49,93.71,6.83,3.49,Papaya,0.558,1,0,0,1
39.38,56.43,63.19,29.34,90.82,6.74,5.81,Papaya,0.377,0,0,0,1
60.79,52.43,50.57,40.21,94.51,6.99,48.38,Papaya,0.621,0,0,0,1
50.11,49.56,47.97,42.13,91.7,6.76,7.07,Papaya,0.377,0,0,0,1
51.39,50.46,57.46,32.86,91.46,6.85,6.24,Papaya,0.81,1,0,0,1
36.77,65.37,61.2,29.81,91.38,6.74,7.14,Papaya,0.735,0,0,0,1
66.31,61.46,53.46,31.56,93.05,6.51,6.88,Papaya,0.337,0,0,0,1
79.24,66.24,54.46,36.32,93.06,6.99,129.57,Papaya,0.746,0,0,0,1
48.22,60.55,54.43,37.13,94.61,6.69,3.75,Papaya,0.222,1,0,0,1
57.8,51.9,43.9,38.44,93.64,6.54,48.24,Papaya,0.152,1,0,0,1
38.5,44.0,56.73,32.66,90.79,6.93,5.53,Papaya,0.906,1,0,0,1
47.49,74.91,42.99,27.93,91.56,6.72,66.4,Papaya,0.136,1,0,0,1
62.7,60.55,47.51,39.02,91.49,6.99,51.05,Papaya,0.624,1,0,0,1
39.85,45.08,55.1,32.51,94.66,6.7,4.19,Papaya,0.936,1,0,0,1
59.9,62.8,46.91,38.72,91.73,6.7,8.35,Papaya,0.832,1,0,0,1
68.55,69.13,55.7,43.3,92.83,6.64,40.16,Papaya,0.153,0,0,0,1
28.36,71.45,60.14,27.59,90.73,6.59,11.32,Papaya,0.627,0,0,0,1
29.26,56.52,45.68,40.79,92.91,6.56,3.84,Papaya,0.852,1,0,0,1
48.46,49.46,52.61,23.19,91.4,6.5,27.88,Papaya,0.317,1,0,0,1
27.2,75.71,62.17,32.68,92.62,6.8,42.79,Papaya,0.755,1,0,0,1
32.99,51.05,54.39,34.29,93.61,6.72,11.17,Papaya,0.395,1,0,0,1
59.59,55.33,50.23,39.3,94.16,6.57,76.75,Papaya,0.573,0,0,0,1
80.52,51.84,41.28,39.73,91.12,6.92,86.45,Papaya,0.905,1,0,0,1
41.67,63.01,53.46,39.23,91.26,6.52,3.2,Papaya,0.9,0,0,0,1
35.45,58.32,60.75,27.35,94.18,6.69,8.19,Papaya,0.381,1,0,0,1
54.26,70.72,48.79,40.77,92.09,6.75,85.12,Papaya,0.461,1,0,0,1
44.46,63.06,41.69,26.27,90.8,6.65,165.23,Papaya,0.122,1,0,0,1
34.7,52.14,49.86,28.13,93.32,6.5,5.22,Papaya,0.508,0,0,0,1
39.36,71.41,46.8,34.28,90.56,6.83,5.09,Papaya,0.652,1,0,0,1
31.28,65.46,55.35,33.8,93.01,6.99,31.93,Papaya,0.134,1,0,0,1
67.0,64.57,57.66,31.53,90.87,6.51,45.7,Papaya,0.622,1,0,0,1
44.04,52.64,59.47,42.3,90.51,6.93,39.8,Papaya,0.898,1,0,0,1
54.57,44.84,54.05,24.64,90.62,6.71,7.78,Papaya,0.144,0,0,0,1
37.38,44.33,53.05,28.28,91.37,6.63,58.51,Papaya,0.196,1,0,0,1
62.2,39.59,48.15,24.49,92.98,6.76,63.55,Papaya,0.122,1,0,0,1
58.72,66.63,54.09,42.85,94.64,6.69,7.92,Papaya,0.889,1,0,0,1
62.03,53.75,61.74,43.68,93.11,6.61,54.61,Papaya,0.881,1,0,0,1
65.45,49.78,56.94,42.07,92.92,6.84,8.07,Papaya,0.745,1,0,0,1
45.86,66.86,53.13,33.47,92.13,6.83,8.21,Papaya,0.323,0,0,0,1
31.23,69.91,42.64,31.7,91.66,6.95,128.22,Papaya,0.855,1,0,0,1
38.61,62.49,51.24,41.42,90.04,6.67,31.64,Papaya,0.712,0,0,0,1
39.67,60.17,50.86,42.55,94.94,6.66,38.63,Papaya,0.873,1,0,0,1
40.61,73.45,61.43,28.92,94.64,6.68,6.18,Papaya,0.614,1,0,0,1
41.78,41.62,42.5,43.08,93.9,6.54,5.34,Papaya,0.919,1,0,0,1
39.27,55.77,49.18,29.2,93.97,6.84,22.54,Papaya,0.237,0,0,0,1
35.23,38.83,50.82,41.04,91.37,6.81,64.37,Papaya,0.235,1,0,0,1
43.26,45.3,56.08,25.62,93.18,6.76,41.32,Papaya,0.719,1,0,0,1
34.37,67.18,43.0,35.33,91.06,6.68,4.94,Papaya,0.746,1,0,0,1
80.53,59.62,58.53,24.43,92.28,6.58,70.75,Papaya,0.705,1,0,0,1
55.27,48.41,50.95,31.18,90.22,6.73,10.77,Papaya,0.766,1,0,0,1
65.65,74.89,52.32,31.88,91.33,6.52,8.28,Papaya,0.162,1,0,0,1
44.98,42.13,40.67,42.93,91.18,6.5,93.87,Papaya,0.624,0,0,0,1
42.45,61.1,54.04,23.11,94.32,6.76,14.36,Papaya,0.56,0,0,0,1
52.37,54.4,60.02,24.87,93.91,6.68,22.09,Papaya,0.688,1,0,0,1
64.8,49.69,52.94,43.36,93.35,6.94,76.28,Papaya,0.241,1,0,0,1
52.76,54.2,46.6,26.83,90.75,6.86,46.57,Papaya,0.723,1,0,0,1
75.09,58.56,55.6,30.42,93.13,6.58,7.07,Papaya,0.512,1,0,0,1
50.43,54.68,52.01,28.65,93.23,6.75,95.24,Papaya,0.952,1,0,0,1
45.75,51.75,54.59,32.5,93.48,6.89,4.43,Papaya,0.416,0,0,0,1
70.8,67.71,41.38,43.04,94.64,6.72,6.85,Papaya,0.679,0,0,0,1
44.78,55.67,54.58,30.11,90.35,6.83,87.49,Papaya,0.398,1,0,0,1
73.97,67.02,42.64,23.69,93.61,6.91,9.61,Papaya,0.129,1,0,0,1
46.68,76.49,46.34,35.68,93.31,6.59,9.68,Papaya,0.667,1,0,0,1
71.85,77.01,46.09,27.72,94.44,6.83,4.5,Papaya,0.138,1,0,0,1
55.18,57.06,41.68,35.27,92.38,6.82,194.02,Papaya,0.825,1,0,0,1
39.88,65.19,55.19,23.17,90.79,6.66,77.45,Papaya,0.666,1,0,0,1
62.58,46.14,52.48,33.09,92.25,6.77,6.11,Papaya,0.416,1,0,0,1
80.33,51.88,52.01,37.46,90.45,6.93,7.89,Papaya,0.324,1,0,0,1
37.67,41.76,44.08,38.73,94.74,6.58,2.85,Papaya,1.0,1,0,0,1
48.82,63.78,40.78,32.58,92.75,6.93,3.47,Papaya,0.462,1,0,0,1
46.86,55.31,46.57,38.38,93.1,6.99,3.26,Papaya,0.566,1,0,0,1
35.96,73.44,38.07,42.94,90.09,6.61,137.98,Papaya,0.666,0,0,0,1
56.42,59.74,54.79,25.65,92.75,6.81,4.41,Papaya,0.337,1,0,0,1
30.27,47.63,49.11,37.59,92.0,6.97,28.19,Papaya,0.415,1,0,0,1
34.25,44.37,47.66,29.61,93.16,6.57,18.02,Papaya,0.694,0,0,0,1
48.11,65.75,55.48,25.35,93.03,6.8,177.53,Papaya,0.903,1,0,0,1
45.07,65.82,60.75,25.93,93.02,6.96,84.45,Papaya,0.824,1,0,0,1
56.55,70.04,38.01,32.77,94.57,6.76,43.41,Papaya,0.31,0,0,0,1
53.47,67.95,63.53,29.02,90.2,6.62,22.56,Papaya,0.275,0,0,0,1
69.13,74.36,53.37,40.0,90.17,6.53,4.21,Papaya,0.973,1,0,0,1
42.69,59.7,60.76,33.32,91.25,6.71,46.13,Papaya,0.189,1,0,0,1
37.08,61.18,50.66,31.23,94.94,6.62,9.29,Papaya,0.961,1,0,0,1
68.21,51.44,61.45,26.68,92.96,6.58,2.92,Papaya,0.852,1,0,0,1
51.26,67.2,65.25,24.71,90.15,6.68,31.95,Papaya,0.61,0,0,0,1
56.61,72.46,46.83,38.2,93.97,6.75,22.4,Papaya,0.893,0,0,0,1
61.46,64.12,52.11,36.57,93.8,6.87,2.71,Papaya,0.541,1,0,0,1
49.77,52.97,48.0,26.05,93.69,6.74,10.12,Papaya,0.8,0,0,0,1
59.96,62.94,48.24,31.3,92.76,6.99,70.21,Papaya,0.889,1,0,0,1
41.89,68.37,45.81,40.1,94.35,6.98,1.13,Papaya,0.189,1,0,0,1
44.71,68.69,50.49,38.59,91.58,6.83,25.09,Papaya,0.155,1,0,0,1
40.45,74.71,57.01,41.31,91.15,6.62,1.29,Papaya,0.106,1,0,0,1
45.7,57.57,57.18,37.04,91.79,6.55,76.04,Papaya,0.505,1,0,0,1
43.04,55.84,59.31,23.01,91.07,6.6,9.13,Papaya,0.163,1,0,0,1
18.5,28.83,34.03,26.76,92.86,6.42,3.1,Coconut,6.852,0,0,0,1
34.51,23.53,28.57,25.61,94.31,5.74,48.14,Coconut,8.302,0,0,0,1
10.42,27.02,37.39,28.13,95.65,5.69,79.3,Coconut,8.799,1,0,0,1
2.3,16.8,30.24,25.03,91.54,6.29,35.71,Coconut,4.177,0,0,0,1
10.79,18.62,29.2,27.8,99.65,6.38,4.47,Coconut,6.473,1,0,0,1
8.26,9.03,26.32,29.26,95.11,5.54,62.66,Coconut,7.741,1,0,0,1
46.48,4.76,32.44,27.1,93.7,5.55,4.31,Coconut,3.137,0,0,0,1
32.54,5.68,22.0,25.85,90.93,5.86,6.25,Coconut,1.665,1,0,0,1
30.57,24.1,31.33,26.59,90.99,5.56,6.1,Coconut,3.468,0,0,0,1
22.8,7.32,32.29,28.39,99.19,5.56,4.79,Coconut,9.343,0,0,0,1
16.27,14.86,29.84,28.44,91.81,5.57,1.68,Coconut,2.317,1,0,0,1
24.16,11.58,38.52,28.27,96.94,6.07,105.24,Coconut,6.981,0,0,0,1
31.34,6.75,26.18,27.01,96.46,5.63,4.97,Coconut,2.826,0,0,0,1
43.54,19.23,34.7,27.64,99.35,6.38,48.49,Coconut,1.803,1,0,0,1
21.47,14.85,28.31,26.3,99.66,5.69,15.59,Coconut,6.464,1,0,0,1
0.0,16.76,34.23,27.13,95.24,6.23,96.29,Coconut,1.053,1,0,0,1
31.49,23.0,28.11,25.57,97.61,6.44,8.75,Coconut,9.352,0,0,0,1
9.61,17.9,27.69,25.95,93.41,5.84,37.39,Coconut,1.621,1,0,0,1
21.61,12.98,28.79,28.03,95.02,5.96,6.0,Coconut,6.23,1,0,0,1
36.19,5.32,23.02,29.13,91.31,5.74,11.24,Coconut,2.27,1,0,0,1
32.99,5.25,26.55,27.08,97.0,5.95,6.88,Coconut,2.367,1,0,0,1
23.03,6.33,35.14,28.11,90.02,6.39,106.95,Coconut,9.364,1,0,0,1
0.89,7.47,26.07,27.51,94.19,5.56,3.68,Coconut,4.457,0,0,0,1
25.49,15.02,38.59,27.64,95.49,5.86,68.44,Coconut,5.788,1,0,0,1
8.02,9.02,22.69,29.01,94.01,6.28,29.18,Coconut,9.047,0,0,0,1
39.38,24.21,30.57,26.58,95.79,6.25,6.48,Coconut,3.193,1,0,0,1
39.79,24.04,37.03,28.29,97.0,5.97,5.28,Coconut,5.37,1,0,0,1
9.15,7.0,28.98,28.69,96.65,6.08,12.86,Coconut,2.581,1,0,0,1
15.01,13.83,26.73,29.71,96.3,6.37,5.66,Coconut,6.504,1,0,0,1
34.53,14.87,33.27,27.15,96.66,6.03,7.71,Coconut,3.151,0,0,0,1
19.17,6.45,34.13,29.29,91.96,5.87,70.84,Coconut,9.781,0,0,0,1
28.07,13.12,37.12,25.07,93.31,6.21,36.66,Coconut,6.86,1,0,0,1
39.84,13.24,24.28,26.92,91.2,5.57,7.0,Coconut,1.602,0,0,0,1
8.09,6.27,29.47,28.28,93.65,6.1,2.69,Coconut,2.793,1,0,0,1
20.23,5.17,39.51,29.18,92.73,6.03,8.38,Coconut,5.76,1,0,0,1
31.37,27.73,38.39,28.36,91.65,5.54,36.65,Coconut,2.493,1,0,0,1
24.09,11.43,35.14,29.38,93.28,6.37,5.83,Coconut,7.893,1,0,0,1
26.8,13.59,25.04,25.39,98.09,5.58,165.65,Coconut,8.483,0,0,0,1
29.75,25.34,28.14,26.31,98.62,5.8,8.27,Coconut,4.684,0,0,0,1
12.29,24.72,36.18,29.53,91.91,6.12,134.13,Coconut,4.874,1,0,0,1
24.35,18.65,34.09,28.83,92.17,6.0,72.43,Coconut,5.528,1,0,0,1
46.25,4.94,33.19,28.48,97.77,5.82,57.91,Coconut,1.7,0,0,0,1
15.53,10.32,26.6,28.74,93.4,5.62,35.65,Coconut,9.254,0,0,0,1
35.28,35.73,37.29,25.01,95.59,6.0,67.44,Coconut,7.588,1,0,0,1
32.61,10.88,32.35,29.87,91.15,6.31,190.19,Coconut,3.967,1,0,0,1
37.54,6.84,23.32,27.54,94.59,6.36,18.74,Coconut,5.852,0,0,0,1
28.39,20.76,30.55,26.52,98.38,5.59,73.32,Coconut,9.241,0,0,0,1
6.05,15.43,33.84,25.04,95.9,6.18,2.98,Coconut,6.832,0,0,0,1
26.56,20.12,23.71,29.2,95.67,5.96,2.37,Coconut,8.651,0,0,0,1
32.68,17.87,37.82,27.06,91.11,5.68,36.09,Coconut,1.933,1,0,0,1
15.93,23.0,25.09,26.19,96.97,5.61,6.63,Coconut,7.581,1,0,0,1
14.92,22.26,29.45,27.59,92.49,6.21,199.89,Coconut,2.2,1,0,0,1
6.01,17.45,33.89,25.76,94.66,5.76,38.64,Coconut,9.388,0,0,0,1
22.78,27.11,28.35,28.88,95.11,6.2,6.12,Coconut,1.469,1,0,0,1
40.07,27.84,23.42,26.51,94.48,6.14,9.71,Coconut,4.831,0,0,0,1
26.4,6.94,24.52,26.87,91.73,6.1,29.66,Coconut,7.033,0,0,0,1
9.65,20.39,27.43,27.57,94.9,5.71,42.69,Coconut,6.404,0,0,0,1
0.0,32.22,25.78,28.06,98.37,5.87,22.83,Coconut,8.557,1,0,0,1
27.23,10.22,28.77,29.52,92.56,6.46,46.47,Coconut,4.4,0,0,0,1
35.34,11.46,27.34,28.96,95.16,6.17,43.72,Coconut,1.113,0,0,0,1
20.76,23.36,28.31,25.1,92.36,6.05,1.95,Coconut,5.386,1,0,0,1
26.22,33.43,34.33,27.19,92.2,6.14,9.23,Coconut,5.465,1,0,0,1
15.78,26.98,25.8,29.03,90.79,5.89,72.19,Coconut,7.921,1,0,0,1
0.97,10.19,30.54,27.75,95.95,5.56,3.14,Coconut,2.532,1,0,0,1
4.91,11.55,30.37,27.31,99.97,5.83,8.54,Coconut,9.872,1,0,0,1
14.98,29.84,35.81,28.84,99.64,6.22,5.69,Coconut,1.538,0,0,0,1
30.43,20.75,25.96,26.61,96.97,6.14,3.99,Coconut,6.573,1,0,0,1
2.58,22.2,30.05,29.7,95.66,6.08,7.28,Coconut,8.411,0,0,0,1
9.18,22.2,22.77,25.55,91.64,5.7,73.89,Coconut,3.586,1,0,0,1
19.28,30.68,25.13,26.38,91.5,5.55,5.8,Coconut,7.546,1,0,0,1
29.17,19.09,31.55,27.46,92.91,5.84,2.29,Coconut,9.728,0,0,0,1
0.98,6.31,34.4,27.02,95.72,6.23,4.38,Coconut,3.602,0,0,0,1
27.01,33.12,36.71,28.99,90.74,5.72,114.52,Coconut,1.142,1,0,0,1
23.49,7.53,27.97,26.11,91.52,5.85,7.72,Coconut,6.541,0,0,0,1
0.0,22.14,28.97,25.07,95.02,5.55,5.88,Coconut,2.736,1,0,0,1
42.96,6.03,26.22,25.55,96.93,6.16,149.96,Coconut,7.879,0,0,0,1
23.02,14.09,30.12,28.57,95.68,6.44,37.85,Coconut,9.948,1,0,0,1
35.28,5.46,26.79,26.07,96.7,5.98,1.95,Coconut,5.137,1,0,0,1
0.0,20.1,27.01,25.52,94.38,6.27,26.19,Coconut,9.373,1,0,0,1
28.02,7.76,35.15,25.95,94.74,6.47,35.25,Coconut,9.552,1,0,0,1
29.92,31.44,40.71,28.3,95.41,6.14,7.11,Coconut,8.292,0,0,0,1
21.71,24.65,29.54,29.57,91.41,5.83,26.63,Coconut,8.801,1,0,0,1
30.48,12.33,30.02,29.7,95.21,6.34,44.52,Coconut,1.243,1,0,0,1
20.31,29.72,30.01,26.14,93.28,6.07,52.09,Coconut,3.812,1,0,0,1
2.29,31.62,34.23,26.0,94.8,6.33,1.54,Coconut,2.863,0,0,0,1
35.6,11.2,21.68,27.15,91.49,6.41,16.04,Coconut,8.714,1,0,0,1
8.94,12.12,27.22,28.97,98.1,5.5,124.95,Coconut,5.625,1,0,0,1
17.98,10.55,31.84,26.14,96.39,6.34,73.93,Coconut,9.498,0,0,0,1
8.37,25.26,34.06,25.52,94.33,6.02,3.38,Coconut,9.497,1,0,0,1
40.67,19.22,27.43,27.56,99.98,5.74,5.93,Coconut,7.9,0,0,0,1
26.28,9.66,34.58,27.81,97.48,6.47,48.67,Coconut,2.706,0,0,0,1
20.37,18.42,27.54,25.6,99.72,5.86,9.98,Coconut,4.622,1,0,0,1
2.86,10.16,35.91,26.92,99.85,6.32,183.55,Coconut,1.084,0,0,0,1
21.49,17.7,32.14,29.18,90.27,6.01,4.56,Coconut,7.832,1,0,0,1
29.77,8.25,30.5,26.45,98.3,6.01,43.99,Coconut,2.671,0,0,0,1
20.89,7.62,33.84,28.44,95.88,5.67,1.97,Coconut,1.998,1,0,0,1
24.66,22.52,28.18,28.94,93.0,5.76,12.47,Coconut,3.076,0,0,0,1
23.28,23.19,21.55,26.45,93.45,5.9,34.7,Coconut,4.521,1,0,0,1
32.95,4.02,32.0,25.79,93.84,5.78,9.56,Coconut,3.739,0,0,0,1
18.68,29.6,24.91,26.93,98.8,5.67,78.86,Coconut,3.895,1,0,0,1
134.0,48.16,23.02,24.4,79.2,7.23,8.6,Chili,1.862,1,0,1,0
123.09,33.01,19.69,23.1,84.86,6.93,183.35,Chili,1.574,1,0,1,0
95.78,48.75,18.51,23.97,76.98,7.63,24.5,Chili,0.938,0,0,1,0
132.51,47.22,24.7,24.89,75.62,6.83,70.13,Chili,0.741,1,0,1,0
133.11,39.84,21.0,25.36,83.63,6.18,38.32,Chili,1.148,0,0,1,0
123.84,49.93,19.59,24.69,81.74,6.63,1.37,Chili,1.295,1,0,1,0
118.64,41.83,19.25,25.0,80.54,7.26,53.93,Chili,0.452,0,0,1,0
126.77,44.99,21.57,22.46,81.31,6.44,88.92,Chili,0.913,1,0,1,0
127.53,49.18,15.57,23.61,79.3,7.72,131.65,Chili,0.651,0,0,1,0
140.0,59.41,22.92,24.58,79.12,5.95,21.62,Chili,1.557,0,0,1,0
103.79,42.33,24.12,23.09,83.56,7.23,1.08,Chili,0.651,1,0,1,0
126.23,64.46,18.26,23.5,83.63,6.22,6.66,Chili,1.003,1,0,1,0
130.95,34.31,16.1,24.15,75.88,6.02,22.37,Chili,0.495,1,0,1,0
102.07,50.45,20.44,24.69,84.84,6.25,21.28,Chili,0.47,1,0,1,0
108.18,43.21,25.6,24.48,84.45,6.19,48.06,Chili,1.26,1,0,1,0
131.16,35.83,16.59,24.49,82.24,7.06,8.67,Chili,0.529,1,0,1,0
129.28,41.73,15.45,23.48,81.73,6.72,150.15,Chili,1.266,0,0,1,0
105.47,48.86,17.96,24.19,76.04,6.43,19.02,Chili,1.602,1,0,1,0
116.86,36.01,23.52,25.01,78.18,7.45,9.97,Chili,1.338,0,0,1,0
111.83,54.62,15.38,25.99,77.05,7.37,7.81,Chili,1.995,1,0,1,0
130.92,35.25,23.78,23.66,81.69,7.35,52.12,Chili,0.438,1,0,1,0
101.71,57.41,17.44,25.67,81.38,6.65,8.76,Chili,0.888,1,0,1,0
111.66,43.15,24.84,22.05,84.63,6.14,55.45,Chili,0.902,1,0,1,0
108.63,42.09,22.39,22.42,84.56,7.32,149.24,Chili,0.352,1,0,1,0
133.17,36.65,22.07,25.03,82.21,7.95,54.37,Chili,0.717,0,0,1,0
114.77,65.41,21.08,23.53,77.22,6.21,2.02,Chili,0.344,1,0,1,0
102.23,44.13,19.07,22.77,82.6,6.63,7.9,Chili,1.627,0,0,1,0
135.98,48.32,19.97,25.5,79.98,7.31,7.39,Chili,1.31,0,0,1,0
133.37,32.21,14.26,25.25,83.46,5.9,6.41,Chili,1.487,1,0,1,0
104.68,39.11,19.54,22.78,77.51,7.24,8.48,Chili,0.707,0,0,1,0
125.21,43.78,24.31,23.37,77.43,7.98,28.01,Chili,1.517,1,0,1,0
115.18,46.78,21.91,24.87,78.22,5.98,1.88,Chili,0.512,1,0,1,0
134.25,56.79,17.89,24.14,84.52,6.79,49.95,Chili,0.341,1,0,1,0
106.04,35.47,18.64,25.03,79.04,7.39,1.43,Chili,1.671,1,0,1,0
139.74,49.42,16.51,23.66,84.48,6.49,96.17,Chili,0.979,0,0,1,0
123.18,52.09,14.78,25.54,84.09,7.18,3.51,Chili,1.57,1,0,1,0
102.55,39.14,25.69,22.0,79.47,7.39,6.96,Chili,1.438,1,0,1,0
102.1,37.74,17.33,23.64,78.13,6.11,41.95,Chili,1.388,1,0,1,0
103.82,47.76,20.41,23.96,78.03,6.42,151.28,Chili,0.795,1,0,1,0
128.85,49.51,16.97,24.65,75.64,6.31,52.95,Chili,0.627,1,0,1,0
98.46,50.14,16.85,24.3,84.88,6.93,28.02,Chili,1.878,0,0,1,0
129.46,40.24,21.01,24.29,81.02,7.81,6.08,Chili,0.279,1,0,1,0
99.62,43.76,17.69,24.29,84.62,6.53,11.14,Chili,1.449,0,0,1,0
138.83,49.85,25.1,25.72,81.2,7.57,1.99,Chili,1.775,0,0,1,0
118.09,40.06,18.14,24.88,76.3,7.04,110.7,Chili,0.672,1,0,1,0
101.34,40.95,22.69,22.61,77.34,7.21,22.27,Chili,1.935,1,0,1,0
131.03,37.76,19.23,23.87,75.68,6.81,1.79,Chili,1.218,1,0,1,0
107.48,37.34,25.19,23.41,76.44,7.44,76.02,Chili,0.425,0,0,1,0
111.96,41.65,17.85,24.96,81.32,6.85,4.62,Chili,0.947,1,0,1,0
103.09,48.57,14.67,25.17,80.3,7.88,47.35,Chili,0.886,1,0,1,0
139.25,36.96,17.29,22.73,77.08,6.01,36.69,Chili,0.855,1,0,1,0
108.02,42.23,18.12,22.45,76.26,7.43,11.59,Chili,0.912,0,0,1,0
118.22,53.8,15.26,23.05,75.54,6.5,99.96,Chili,0.622,0,0,1,0
116.48,36.73,20.11,25.29,75.67,6.21,3.7,Chili,1.934,1,0,1,0
109.71,46.67,18.04,22.96,82.34,6.36,9.92,Chili,0.804,1,0,1,0
104.56,50.23,19.63,22.8,84.15,7.05,6.64,Chili,1.515,1,0,1,0
138.35,58.31,20.55,23.54,75.98,7.95,3.87,Chili,0.589,1,0,1,0
130.5,51.04,20.03,24.41,80.8,6.28,178.04,Chili,1.355,1,0,1,0
110.81,50.35,20.25,22.94,75.37,6.11,91.32,Chili,0.816,1,0,1,0
104.49,39.45,23.28,25.54,81.14,6.75,77.16,Chili,1.425,0,0,1,0
135.5,65.19,17.8,25.32,81.79,7.43,5.06,Chili,0.658,1,0,1,0
107.04,46.57,16.24,22.43,81.53,6.75,1.13,Chili,0.323,1,0,1,0
125.31,41.49,21.88,25.79,75.01,7.64,24.81,Chili,1.788,0,0,1,0
117.63,49.91,25.84,25.69,77.91,6.47,9.38,Chili,1.571,1,0,1,0
123.55,41.67,16.0,22.15,82.86,7.09,8.71,Chili,0.7,1,0,1,0
117.23,62.41,18.3,25.07,82.5,6.52,9.53,Chili,0.239,1,0,1,0
130.87,57.11,25.44,22.22,76.18,6.13,54.6,Chili,1.4,1,0,1,0
140.0,53.9,18.12,23.96,76.59,7.99,18.24,Chili,0.837,0,0,1,0
101.99,38.77,16.68,25.4,76.53,7.52,6.23,Chili,1.278,1,0,1,0
92.65,52.29,15.92,23.78,83.04,7.83,180.88,Chili,1.83,1,0,1,0
132.59,49.82,17.25,24.16,76.74,6.44,173.82,Chili,1.21,1,0,1,0
97.54,33.63,24.2,25.31,77.92,5.91,10.59,Chili,0.565,0,0,1,0
113.66,38.43,20.52,22.6,80.35,6.14,5.39,Chili,1.047,1,0,1,0
120.15,53.78,15.36,22.95,78.72,6.04,173.19,Chili,0.541,0,0,1,0
134.05,36.69,21.92,22.74,80.41,7.6,136.7,Chili,0.754,0,0,1,0
131.18,56.34,19.06,23.81,83.92,6.69,89.68,Chili,0.787,1,0,1,0
113.77,48.72,15.34,25.46,81.57,6.18,4.56,Chili,1.618,0,0,1,0
109.6,56.87,15.47,25.97,81.98,7.27,99.22,Chili,1.69,1,0,1,0
131.25,44.18,13.55,25.53,80.05,5.8,28.59,Chili,1.03,0,0,1,0
115.47,44.38,25.74,24.44,81.7,6.76,27.28,Chili,0.243,0,0,1,0
105.56,49.96,25.32,23.04,76.47,6.98,9.79,Chili,1.48,0,0,1,0
110.65,53.55,19.93,23.51,76.73,7.98,5.03,Chili,0.216,1,0,1,0
113.39,64.01,17.41,22.76,76.76,6.56,31.79,Chili,0.651,1,0,1,0
127.31,58.75,15.58,24.71,77.73,7.98,60.87,Chili,1.778,1,0,1,0
93.85,51.63,19.95,23.46,82.45,7.9,33.43,Chili,0.862,1,0,1,0
134.41,39.01,16.14,25.55,77.85,6.73,88.95,Chili,1.798,1,0,1,0
117.18,48.03,22.55,22.08,82.83,6.69,195.62,Chili,0.755,0,0,1,0
113.86,41.93,22.93,24.69,78.51,7.84,9.83,Chili,1.272,1,0,1,0
121.66,39.65,22.63,25.85,84.17,6.61,4.72,Chili,0.594,1,0,1,0
123.16,47.93,15.23,22.46,75.41,7.46,4.32,Chili,1.294,1,0,1,0
101.1,44.85,16.14,23.66,77.52,7.29,3.47,Chili,1.169,1,0,1,0
140.0,56.52,19.08,22.01,81.84,7.76,47.64,Chili,1.004,1,0,1,0
113.9,39.37,18.17,24.33,80.13,6.36,10.08,Chili,1.475,1,0,1,0
94.27,38.21,19.4,22.92,82.69,7.64,183.98,Chili,1.324,1,0,1,0
114.32,42.72,20.76,23.44,78.63,6.2,193.13,Chili,0.772,1,0,1,0
109.35,38.21,19.05,22.11,78.58,6.36,50.54,Chili,1.186,1,0,1,0
95.78,53.89,20.41,23.04,76.11,6.91,84.76,Chili,0.702,1,0,1,0
105.63,39.36,17.69,24.55,75.4,7.77,8.85,Chili,1.069,0,0,1,0
109.06,62.76,14.0,23.74,75.78,7.56,45.03,Chili,0.458,1,0,1,0
124.26,64.48,16.09,22.32,83.86,7.29,62.78,Chili,0.611,0,0,1,0
75.96,39.04,31.47,25.52,72.25,6.0,166.58,Coconut,2.612,1,0,0,1
67.12,36.96,40.2,26.59,82.94,6.03,82.78,Coconut,6.609,0,0,0,1
62.97,38.0,42.37,25.3,86.89,7.12,9.67,Coconut,3.635,0,0,0,1
86.85,45.91,33.54,25.72,88.17,6.21,10.78,Coconut,6.949,0,0,0,1
84.5,46.81,34.37,23.58,72.0,6.09,161.71,Coconut,6.283,1,0,0,1
108.15,28.17,32.03,25.31,72.01,6.35,38.5,Coconut,9.077,0,0,0,1
51.97,44.06,45.51,23.42,85.09,6.66,51.92,Coconut,7.502,0,0,0,1
76.89,38.32,40.35,24.36,88.8,6.18,48.82,Coconut,1.955,1,0,0,1
59.31,55.3,39.2,26.28,75.15,7.25,24.4,Coconut,8.564,0,0,0,1
69.71,38.37,32.18,25.14,83.12,6.39,10.32,Coconut,4.962,1,0,0,1
76.72,44.53,36.0,24.89,71.92,7.32,3.16,Coconut,3.73,1,0,0,1
77.82,41.26,51.43,25.76,88.37,6.03,160.45,Coconut,1.996,1,0,0,1
83.01,33.41,41.15,23.13,74.68,6.34,24.66,Coconut,4.124,1,0,0,1
63.66,54.85,32.79,24.99,88.96,7.03,38.0,Coconut,6.016,0,0,0,1
62.17,50.22,41.57,25.22,70.88,7.3,3.14,Coconut,6.397,1,0,0,1
57.98,42.98,35.04,24.4,79.27,7.01,36.14,Coconut,3.435,1,0,0,1
71.88,45.83,36.07,23.31,71.45,7.49,56.73,Coconut,1.897,0,0,0,1
76.77,42.72,43.68,25.73,81.86,6.63,99.52,Coconut,2.114,0,0,0,1
70.53,32.21,42.13,26.97,78.21,6.24,24.2,Coconut,9.13,0,0,0,1
68.13,45.47,30.03,23.7,74.64,6.74,9.22,Coconut,2.207,1,0,0,1
100.85,43.89,34.32,24.9,73.84,6.59,24.36,Coconut,2.989,1,0,0,1
83.98,66.05,33.17,23.4,72.61,7.1,1.1,Coconut,7.68,0,0,0,1
95.23,49.96,45.01,26.87,79.79,6.96,157.85,Coconut,4.127,1,0,0,1
87.34,36.87,43.95,23.14,75.0,7.38,4.77,Coconut,2.483,1,0,0,1
81.73,53.64,40.83,24.29,77.63,6.18,27.06,Coconut,3.592,0,0,0,1
65.62,65.28,37.08,24.39,89.89,6.55,26.95,Coconut,8.499,0,0,0,1
68.77,32.65,39.41,25.76,80.76,6.43,7.85,Coconut,2.902,0,0,0,1
66.62,45.93,42.51,25.49,84.48,6.74,96.1,Coconut,7.559,0,0,0,1
59.85,48.69,41.75,25.37,76.24,6.13,91.08,Coconut,4.984,1,0,0,1
77.67,43.27,48.17,26.21,81.7,6.67,179.89,Coconut,5.771,0,0,0,1
75.68,58.0,37.57,24.31,78.54,6.19,87.67,Coconut,5.803,1,0,0,1
90.2,31.58,40.38,23.77,87.98,6.33,51.49,Coconut,2.842,1,0,0,1
73.25,58.86,35.97,24.8,78.53,7.16,1.56,Coconut,3.555,1,0,0,1
66.5,46.8,41.48,23.21,74.1,7.42,18.98,Coconut,8.745,1,0,0,1
62.7,45.43,37.92,23.67,70.89,6.77,93.82,Coconut,9.363,1,0,0,1
92.81,53.36,47.01,25.12,85.73,6.35,71.72,Coconut,2.709,1,0,0,1
73.88,56.2,46.92,23.89,83.46,6.1,9.0,Coconut,2.762,1,0,0,1
96.47,54.73,44.23,23.09,81.45,6.14,42.27,Coconut,5.938,0,0,0,1
68.7,47.04,32.27,24.22,82.85,7.48,4.94,Coconut,3.496,0,0,0,1
98.84,42.87,44.77,24.06,71.31,6.51,43.18,Coconut,5.855,1,0,0,1
78.99,56.13,39.82,24.85,74.44,6.57,73.43,Coconut,5.748,0,0,0,1
79.82,60.1,40.83,26.42,76.86,7.17,187.07,Coconut,7.721,1,0,0,1
76.29,45.48,38.13,24.89,77.01,7.21,136.62,Coconut,2.292,0,0,0,1
86.44,41.23,40.85,23.26,82.7,7.12,6.28,Coconut,6.385,1,0,0,1
98.59,33.1,47.35,24.76,87.06,6.46,90.59,Coconut,3.997,0,0,0,1
84.19,43.8,29.75,24.97,78.63,6.86,23.58,Coconut,4.956,1,0,0,1
50.83,52.26,30.27,26.13,80.49,7.13,38.5,Coconut,9.965,1,0,0,1
71.94,61.57,41.0,25.98,81.66,6.24,1.87,Coconut,2.24,1,0,0,1
76.14,42.16,49.16,26.28,73.36,6.7,57.0,Coconut,9.324,1,0,0,1
94.06,56.32,37.62,26.39,83.31,7.43,7.27,Coconut,4.998,0,0,0,1
79.3,62.58,39.62,25.27,73.75,6.11,31.12,Coconut,7.013,1,0,0,1
83.25,36.94,38.91,23.09,78.46,7.1,20.74,Coconut,6.716,0,0,0,1
77.13,42.16,36.86,25.79,81.77,6.35,1.46,Coconut,1.238,1,0,0,1
111.36,51.82,39.23,23.17,87.88,6.66,7.13,Coconut,4.309,1,0,0,1
78.42,40.77,43.81,25.63,79.95,7.05,89.13,Coconut,4.74,1,0,0,1
65.33,40.2,43.32,25.85,87.82,7.33,11.78,Coconut,8.872,0,0,0,1
58.42,42.53,35.65,26.57,80.9,6.35,5.88,Coconut,2.727,0,0,0,1
102.31,45.76,50.34,26.25,72.97,7.12,6.98,Coconut,2.145,1,0,0,1
82.02,59.04,50.53,26.92,73.2,7.0,142.78,Coconut,3.693,0,0,0,1
51.99,36.81,46.77,24.37,82.11,6.54,24.84,Coconut,3.437,1,0,0,1
80.13,42.49,44.31,25.72,79.16,7.17,3.96,Coconut,6.066,0,0,0,1
68.51,45.37,38.44,25.01,88.33,7.23,36.79,Coconut,2.744,0,0,0,1
84.7,41.75,33.02,25.41,76.44,7.32,4.46,Coconut,7.981,1,0,0,1
87.36,32.69,48.8,23.28,74.28,6.61,197.63,Coconut,2.643,0,0,0,1
87.24,51.11,30.38,23.99,82.09,6.1,8.65,Coconut,6.758,0,0,0,1
96.11,36.23,30.7,24.49,83.21,6.13,5.56,Coconut,3.182,1,0,0,1
74.23,50.87,42.78,25.87,84.1,7.36,6.29,Coconut,6.19,0,0,0,1
63.5,53.51,34.19,23.56,79.46,7.32,19.7,Coconut,5.368,1,0,0,1
61.18,48.71,40.08,24.22,74.89,7.18,15.0,Coconut,8.145,0,0,0,1
79.65,34.64,34.97,25.49,86.97,7.3,32.22,Coconut,5.988,0,0,0,1
52.29,38.09,32.33,24.97,79.48,6.84,32.68,Coconut,9.077,0,0,0,1
113.97,48.21,42.89,24.81,82.09,6.36,8.35,Coconut,1.793,1,0,0,1
80.36,42.92,41.83,23.17,76.67,6.51,79.81,Coconut,8.73,1,0,0,1
91.11,54.83,33.8,24.25,89.86,7.1,31.54,Coconut,1.853,1,0,0,1
68.21,38.4,36.22,26.58,78.01,6.31,144.38,Coconut,9.624,0,0,0,1
59.94,37.41,42.16,26.82,78.2,7.09,20.63,Coconut,2.716,0,0,0,1
87.4,42.48,35.7,25.5,81.13,6.69,61.3,Coconut,6.779,1,0,0,1
66.85,36.78,37.46,24.1,80.57,6.19,4.56,Coconut,7.513,1,0,0,1
78.71,45.28,39.03,23.19,86.21,6.49,45.07,Coconut,1.958,1,0,0,1
57.46,56.59,34.64,26.24,78.51,6.86,2.29,Coconut,5.397,1,0,0,1
55.0,54.1,46.45,23.75,71.15,7.12,1.84,Coconut,3.364,0,0,0,1
57.22,63.8,32.16,26.14,79.12,6.07,30.05,Coconut,5.341,0,0,0,1
99.93,43.25,36.31,26.15,71.24,6.43,4.14,Coconut,1.161,0,0,0,1
87.47,43.51,42.9,26.92,73.49,6.25,2.07,Coconut,6.266,1,0,0,1
85.81,32.13,34.37,26.52,77.17,7.29,7.93,Coconut,5.714,1,0,0,1
88.17,54.42,41.61,23.82,80.94,7.16,176.5,Coconut,6.432,1,0,0,1
75.68,36.13,36.8,26.51,86.84,6.07,69.7,Coconut,7.779,0,0,0,1
57.76,59.95,28.92,26.64,70.96,7.31,7.24,Coconut,8.797,1,0,0,1
69.98,37.91,44.53,23.33,79.8,6.58,61.75,Coconut,9.862,1,0,0,1
85.05,52.66,41.16,26.48,73.96,6.73,80.94,Coconut,2.771,1,0,0,1
85.77,39.67,49.93,23.79,74.37,6.01,1.24,Coconut,8.0,0,0,0,1
63.47,61.66,38.39,25.5,76.0,6.66,42.04,Coconut,9.334,1,0,0,1
112.05,62.11,38.73,23.25,73.65,6.43,9.36,Coconut,1.773,1,0,0,1
57.19,51.89,29.31,26.99,89.06,7.43,161.16,Coconut,1.221,1,0,0,1
84.98,51.14,41.17,23.61,86.14,6.99,59.12,Coconut,9.92,0,0,0,1
72.12,38.36,39.7,23.87,86.79,6.72,9.18,Coconut,7.941,1,0,0,1
93.19,56.04,38.47,23.93,88.07,6.88,77.6,Coconut,8.482,0,0,0,1
105.73,35.97,30.56,24.81,81.69,6.86,17.79,Coconut,6.069,0,0,0,1
79.29,44.19,46.64,24.45,82.29,6.77,74.07,Coconut,6.766,1,0,0,1
74.8,37.15,48.52,26.57,73.82,7.26,103.99,Coconut,2.418,1,0,0,1
91.0,21.0,26.0,26.33,57.36,7.26,83.74,Tea,7.47,1,0,0,0
107.0,21.0,26.0,26.45,55.32,7.24,100.72,Tea,5.851,1,0,0,0
83.0,38.0,35.0,25.71,52.89,7.19,4.66,Tea,6.077,1,0,0,0
108.0,24.0,31.0,24.13,56.18,6.43,57.39,Tea,8.564,1,0,0,0
116.0,28.0,34.0,23.44,60.4,6.42,1.72,Tea,4.779,0,0,0,0
116.0,23.0,25.0,23.41,52.27,6.87,64.08,Tea,3.6,0,0,0,0
109.0,31.0,27.0,23.06,50.41,6.97,19.84,Tea,3.368,0,0,0,0
89.0,25.0,34.0,23.08,63.66,7.18,9.91,Tea,1.792,1,0,0,0
118.0,18.0,32.0,27.65,51.11,6.35,63.68,Tea,7.672,0,0,0,0
111.0,32.0,34.0,25.47,69.35,6.39,45.51,Tea,3.358,0,0,0,0
84.0,36.0,28.0,26.74,55.55,6.12,71.53,Tea,5.786,1,0,0,0
85.0,33.0,25.0,26.21,52.51,6.91,58.03,Tea,6.859,1,0,0,0
99.0,15.0,27.0,27.04,57.28,6.5,59.45,Tea,5.885,1,0,0,0
81.0,30.0,31.0,24.65,51.94,7.03,48.71,Tea,6.408,1,0,0,0
95.0,39.0,29.0,27.35,55.99,7.13,6.89,Tea,9.288,0,0,0,0
81.0,34.0,30.0,25.18,62.26,6.65,151.83,Tea,2.115,0,0,0,0
80.0,15.0,28.0,23.11,68.0,6.7,24.53,Tea,9.391,1,0,0,0
104.0,20.0,26.0,27.23,52.95,7.49,25.53,Tea,6.935,0,0,0,0
109.0,29.0,28.0,23.26,60.52,6.72,88.32,Tea,8.107,1,0,0,0
100.0,32.0,26.0,25.23,57.53,6.04,4.01,Tea,9.826,1,0,0,0
100.0,24.0,28.0,25.6,57.73,7.1,3.98,Tea,1.204,1,0,0,0
83.0,21.0,28.0,25.57,60.49,7.47,3.05,Tea,8.214,1,0,0,0
120.0,23.0,28.0,25.67,51.29,6.88,13.62,Tea,1.281,1,0,0,0
104.0,26.0,30.0,24.41,62.66,6.41,9.17,Tea,2.931,1,0,0,0
108.0,33.0,31.0,23.69,66.76,7.39,99.49,Tea,6.841,1,0,0,0
91.0,25.0,26.0,24.53,67.0,7.48,32.02,Tea,1.724,1,0,0,0
86.0,26.0,27.0,27.13,52.89,6.08,18.67,Tea,1.925,1,0,0,0
98.0,18.0,27.0,27.56,68.49,6.52,5.83,Tea,1.471,1,0,0,0
111.0,27.0,31.0,23.59,55.28,6.04,15.94,Tea,1.597,1,0,0,0
84.0,39.0,35.0,23.18,52.14,6.96,61.97,Tea,7.729,1,0,0,0
98.0,27.0,27.0,24.71,51.29,7.24,34.44,Tea,6.372,1,0,0,0
118.0,21.0,34.0,24.39,64.73,7.23,68.25,Tea,1.621,1,0,0,0
103.0,27.0,31.0,27.16,51.59,6.69,7.4,Tea,1.558,1,0,0,0
82.0,24.0,33.0,26.54,67.1,6.81,116.72,Tea,2.955,0,0,0,0
86.0,31.0,35.0,27.01,60.77,6.49,27.07,Tea,5.606,1,0,0,0
88.0,35.0,35.0,27.56,58.46,6.78,7.51,Tea,3.903,1,0,0,0
84.0,27.0,29.0,23.32,53.0,7.17,39.49,Tea,2.165,0,0,0,0
120.0,40.0,33.0,24.24,54.3,6.73,7.49,Tea,6.096,0,0,0,0
106.0,40.0,30.0,23.43,64.11,6.78,4.45,Tea,3.228,0,0,0,0
113.0,21.0,33.0,26.02,55.83,7.28,94.32,Tea,2.393,1,0,0,0
117.0,34.0,25.0,24.84,56.77,7.21,4.2,Tea,2.088,1,0,0,0
80.0,30.0,25.0,26.24,65.64,7.49,1.08,Tea,9.741,1,0,0,0
88.0,21.0,27.0,24.43,66.02,7.23,59.5,Tea,7.303,0,0,0,0
113.0,33.0,34.0,26.0,62.14,6.56,10.16,Tea,8.358,1,0,0,0
87.0,23.0,28.0,26.22,62.27,6.98,43.94,Tea,5.649,0,0,0,0
113.0,15.0,29.0,27.1,63.55,6.78,3.28,Tea,7.082,0,0,0,0
98.0,29.0,30.0,25.64,61.03,6.22,11.26,Tea,9.456,1,0,0,0
97.0,29.0,27.0,27.75,54.37,7.21,8.53,Tea,1.48,0,0,0,0
85.0,35.0,32.0,26.25,54.29,6.85,57.32,Tea,1.544,1,0,0,0
82.0,29.0,35.0,26.67,52.24,6.25,21.94,Tea,1.803,1,0,0,0
103.0,33.0,25.0,27.1,55.75,6.91,101.06,Tea,8.322,1,0,0,0
112.0,17.0,28.0,27.63,61.26,6.78,91.63,Tea,1.427,1,0,0,0
99.0,19.0,33.0,27.54,55.52,6.27,4.28,Tea,9.012,1,0,0,0
120.0,20.0,34.0,23.57,50.56,6.91,7.43,Tea,2.202,1,0,0,0
114.0,27.0,28.0,24.99,57.93,7.16,26.75,Tea,9.861,0,0,0,0
100.0,40.0,35.0,27.56,54.41,6.96,7.27,Tea,9.398,1,0,0,0
108.0,35.0,25.0,23.98,61.11,6.97,39.93,Tea,6.654,1,0,0,0
115.0,31.0,30.0,24.23,67.38,6.84,42.29,Tea,3.661,1,0,0,0
87.0,28.0,30.0,25.6,68.66,6.54,38.07,Tea,3.99,1,0,0,0
82.0,24.0,26.0,24.31,53.57,6.09,64.69,Tea,2.26,1,0,0,0
94.0,26.0,27.0,26.37,52.26,7.46,68.53,Tea,1.067,1,0,0,0
87.0,28.0,35.0,26.56,57.16,6.76,42.5,Tea,2.004,1,0,0,0
118.0,40.0,35.0,26.35,58.51,7.46,124.89,Tea,5.847,1,0,0,0
87.0,38.0,29.0,25.2,57.88,6.65,51.62,Tea,4.437,1,0,0,0
92.0,40.0,30.0,23.36,55.19,6.03,51.76,Tea,5.293,0,0,0,0
97.0,22.0,26.0,23.61,59.69,6.07,74.84,Tea,4.885,1,0,0,0
99.0,40.0,32.0,24.18,69.95,7.05,150.94,Tea,5.649,0,0,0,0
89.0,28.0,33.0,26.44,53.84,6.99,27.57,Tea,1.193,1,0,0,0
112.0,39.0,29.0,26.12,63.37,6.73,5.47,Tea,4.244,1,0,0,0
111.0,28.0,26.0,27.77,64.48,6.94,4.34,Tea,5.694,1,0,0,0
114.0,20.0,26.0,25.56,62.67,7.28,9.35,Tea,6.543,1,0,0,0
117.0,26.0,30.0,27.92,67.97,7.08,30.39,Tea,5.676,1,0,0,0
111.0,29.0,31.0,26.06,52.31,6.14,5.76,Tea,9.705,1,0,0,0
119.0,30.0,28.0,26.36,64.58,6.51,8.88,Tea,9.862,1,0,0,0
116.0,40.0,33.0,24.91,54.15,7.04,37.2,Tea,6.558,1,0,0,0
95.0,37.0,35.0,27.31,68.42,6.35,82.62,Tea,9.023,0,0,0,0
86.0,40.0,33.0,26.14,52.26,7.43,62.71,Tea,4.074,1,0,0,0
117.0,37.0,32.0,23.11,67.06,6.79,87.32,Tea,2.045,1,0,0,0
105.0,18.0,35.0,23.53,68.44,6.74,173.29,Tea,9.788,0,0,0,0
109.0,23.0,25.0,25.12,68.48,7.01,9.54,Tea,8.456,1,0,0,0
80.0,18.0,31.0,24.03,58.85,7.3,7.43,Tea,5.388,1,0,0,0
101.0,31.0,26.0,26.71,69.71,6.86,8.66,Tea,5.082,1,0,0,0
103.0,33.0,33.0,26.72,50.5,7.13,3.7,Tea,5.018,1,0,0,0
93.0,26.0,27.0,24.59,56.47,7.29,1.96,Tea,5.711,1,0,0,0
104.0,35.0,28.0,27.51,50.67,6.98,88.32,Tea,1.483,1,0,0,0
116.0,36.0,25.0,27.58,58.53,6.17,9.64,Tea,9.574,1,0,0,0
107.0,38.0,29.0,26.65,57.57,6.35,22.33,Tea,4.01,1,0,0,0
101.0,33.0,33.0,26.97,62.02,6.91,196.38,Tea,6.713,0,0,0,0
107.0,31.0,31.0,23.17,52.98,6.77,61.64,Tea,1.106,0,0,0,0
99.0,16.0,30.0,23.53,65.44,6.39,43.72,Tea,7.392,1,0,0,0
103.0,40.0,30.0,27.31,55.2,6.35,3.65,Tea,8.873,1,0,0,0
118.0,31.0,34.0,27.55,62.88,6.12,9.67,Tea,5.442,1,0,0,0
106.0,21.0,35.0,25.63,57.04,7.43,18.29,Tea,9.4,1,0,0,0
116.0,38.0,34.0,23.29,50.05,6.02,5.45,Tea,3.624,1,0,0,0
97.0,35.0,26.0,24.91,53.74,6.33,68.96,Tea,7.127,1,0,0,0
107.0,34.0,32.0,26.77,66.41,6.78,29.09,Tea,8.872,1,0,0,0
99.0,15.0,27.0,27.42,56.64,6.09,2.5,Tea,5.803,1,0,0,0
118.0,33.0,30.0,24.13,67.23,6.36,21.84,Tea,4.404,1,0,0,0
117.0,32.0,34.0,26.27,52.13,6.76,197.09,Tea,6.258,0,0,0,0
104.0,18.0,30.0,23.6,60.4,6.78,6.59,Tea,3.695,1,0,0,0
